id	pos	ref	alt
ISL1_chr5:51382751-51383709_ISM_run-1_target-10.88_1	938	T	G
ISL1_chr5:51382751-51383709_ISM_run-1_target-10.88_1	939	T	C
ISL1_chr5:51382751-51383709_ISM_run-1_target-10.88_1	1011	A	C
ISL1_chr5:51382751-51383709_ISM_run-1_target-10.88_1	1045	T	C
ISL1_chr5:51382751-51383709_ISM_run-1_target-10.88_1	1046	G	C
ISL1_chr5:51382751-51383709_ISM_run-1_target-10.88_1	1066	T	C
ISL1_chr5:51382751-51383709_ISM_run-1_target-10.88_1	1078	C	G
ISL1_chr5:51382751-51383709_ISM_run-1_target-10.88_1	1079	C	T
ISL1_chr5:51382751-51383709_ISM_run-1_target-10.88_1	1091	T	C
ISL1_chr5:51382751-51383709_ISM_run-1_target-10.88_1	1093	A	C
ISL1_chr5:51382751-51383709_ISM_run-1_target-10.88_1	1109	A	C
ISL1_chr5:51382751-51383709_ISM_run-1_target-10.88_1	1113	G	A
ISL1_chr5:51382751-51383709_ISM_run-1_target-10.88_1	1127	A	T
ISL1_chr5:51382751-51383709_ISM_run-1_target-10.88_1	1132	T	C
ISL1_chr5:51382751-51383709_ISM_run-1_target-10.88_1	1137	A	C
ISL1_chr5:51382751-51383709_ISM_run-2_target-10.88_1	937	G	C
ISL1_chr5:51382751-51383709_ISM_run-2_target-10.88_1	959	T	G
ISL1_chr5:51382751-51383709_ISM_run-2_target-10.88_1	1010	A	T
ISL1_chr5:51382751-51383709_ISM_run-2_target-10.88_1	1011	A	C
ISL1_chr5:51382751-51383709_ISM_run-2_target-10.88_1	1020	A	C
ISL1_chr5:51382751-51383709_ISM_run-2_target-10.88_1	1021	T	C
ISL1_chr5:51382751-51383709_ISM_run-2_target-10.88_1	1043	C	T
ISL1_chr5:51382751-51383709_ISM_run-2_target-10.88_1	1070	C	A
ISL1_chr5:51382751-51383709_ISM_run-2_target-10.88_1	1078	C	G
ISL1_chr5:51382751-51383709_ISM_run-2_target-10.88_1	1106	T	G
ISL1_chr5:51382751-51383709_ISM_run-2_target-10.88_1	1116	T	C
ISL1_chr5:51382751-51383709_ISM_run-2_target-10.88_1	1117	T	C
ISL1_chr5:51382751-51383709_ISM_run-2_target-10.88_1	1127	A	C
ISL1_chr5:51382751-51383709_ISM_run-2_target-10.88_1	1137	A	T
ISL1_chr5:51382751-51383709_ISM_run-2_target-10.88_1	1188	A	T
ISL1_chr5:51382751-51383709_ISM_run-3_target-10.88_1	940	G	C
ISL1_chr5:51382751-51383709_ISM_run-3_target-10.88_1	956	T	G
ISL1_chr5:51382751-51383709_ISM_run-3_target-10.88_1	1000	G	A
ISL1_chr5:51382751-51383709_ISM_run-3_target-10.88_1	1008	T	G
ISL1_chr5:51382751-51383709_ISM_run-3_target-10.88_1	1012	A	G
ISL1_chr5:51382751-51383709_ISM_run-3_target-10.88_1	1043	C	T
ISL1_chr5:51382751-51383709_ISM_run-3_target-10.88_1	1078	C	G
ISL1_chr5:51382751-51383709_ISM_run-3_target-10.88_1	1080	C	A
ISL1_chr5:51382751-51383709_ISM_run-3_target-10.88_1	1093	A	G
ISL1_chr5:51382751-51383709_ISM_run-3_target-10.88_1	1103	C	G
ISL1_chr5:51382751-51383709_ISM_run-3_target-10.88_1	1109	A	C
ISL1_chr5:51382751-51383709_ISM_run-3_target-10.88_1	1123	A	G
ISL1_chr5:51382751-51383709_ISM_run-3_target-10.88_1	1127	A	C
ISL1_chr5:51382751-51383709_ISM_run-3_target-10.88_1	1138	A	C
ISL1_chr5:51382751-51383709_ISM_run-3_target-10.88_1	1188	A	T
ISL1_chr5:51382751-51383709_ISM_run-4_target-10.88_1	925	A	G
ISL1_chr5:51382751-51383709_ISM_run-4_target-10.88_1	946	G	C
ISL1_chr5:51382751-51383709_ISM_run-4_target-10.88_1	959	T	G
ISL1_chr5:51382751-51383709_ISM_run-4_target-10.88_1	1010	A	T
ISL1_chr5:51382751-51383709_ISM_run-4_target-10.88_1	1011	A	C
ISL1_chr5:51382751-51383709_ISM_run-4_target-10.88_1	1047	C	G
ISL1_chr5:51382751-51383709_ISM_run-4_target-10.88_1	1078	C	G
ISL1_chr5:51382751-51383709_ISM_run-4_target-10.88_1	1079	C	T
ISL1_chr5:51382751-51383709_ISM_run-4_target-10.88_1	1093	A	G
ISL1_chr5:51382751-51383709_ISM_run-4_target-10.88_1	1101	G	A
ISL1_chr5:51382751-51383709_ISM_run-4_target-10.88_1	1109	A	C
ISL1_chr5:51382751-51383709_ISM_run-4_target-10.88_1	1113	G	T
ISL1_chr5:51382751-51383709_ISM_run-4_target-10.88_1	1131	T	C
ISL1_chr5:51382751-51383709_ISM_run-4_target-10.88_1	1156	T	C
ISL1_chr5:51382751-51383709_ISM_run-4_target-10.88_1	1158	C	G
ISL1_chr5:51382751-51383709_ISM_run-5_target-10.88_1	935	A	T
ISL1_chr5:51382751-51383709_ISM_run-5_target-10.88_1	959	T	G
ISL1_chr5:51382751-51383709_ISM_run-5_target-10.88_1	964	C	A
ISL1_chr5:51382751-51383709_ISM_run-5_target-10.88_1	985	G	A
ISL1_chr5:51382751-51383709_ISM_run-5_target-10.88_1	986	T	C
ISL1_chr5:51382751-51383709_ISM_run-5_target-10.88_1	1010	A	T
ISL1_chr5:51382751-51383709_ISM_run-5_target-10.88_1	1011	A	C
ISL1_chr5:51382751-51383709_ISM_run-5_target-10.88_1	1046	G	C
ISL1_chr5:51382751-51383709_ISM_run-5_target-10.88_1	1078	C	A
ISL1_chr5:51382751-51383709_ISM_run-5_target-10.88_1	1093	A	G
ISL1_chr5:51382751-51383709_ISM_run-5_target-10.88_1	1112	T	G
ISL1_chr5:51382751-51383709_ISM_run-5_target-10.88_1	1130	T	G
ISL1_chr5:51382751-51383709_ISM_run-5_target-10.88_1	1143	T	A
ISL1_chr5:51382751-51383709_ISM_run-5_target-10.88_1	1145	A	C
ISL1_chr5:51382751-51383709_ISM_run-5_target-10.88_1	1188	A	T
ISL1_chr5:51382751-51383709_ISM_run-6_target-10.88_1	933	G	A
ISL1_chr5:51382751-51383709_ISM_run-6_target-10.88_1	939	T	C
ISL1_chr5:51382751-51383709_ISM_run-6_target-10.88_1	956	T	C
ISL1_chr5:51382751-51383709_ISM_run-6_target-10.88_1	1010	A	T
ISL1_chr5:51382751-51383709_ISM_run-6_target-10.88_1	1011	A	C
ISL1_chr5:51382751-51383709_ISM_run-6_target-10.88_1	1046	G	C
ISL1_chr5:51382751-51383709_ISM_run-6_target-10.88_1	1079	C	T
ISL1_chr5:51382751-51383709_ISM_run-6_target-10.88_1	1093	A	G
ISL1_chr5:51382751-51383709_ISM_run-6_target-10.88_1	1102	G	C
ISL1_chr5:51382751-51383709_ISM_run-6_target-10.88_1	1117	T	G
ISL1_chr5:51382751-51383709_ISM_run-6_target-10.88_1	1130	T	A
ISL1_chr5:51382751-51383709_ISM_run-6_target-10.88_1	1134	A	C
ISL1_chr5:51382751-51383709_ISM_run-6_target-10.88_1	1156	T	G
ISL1_chr5:51382751-51383709_ISM_run-6_target-10.88_1	1160	C	T
ISL1_chr5:51382751-51383709_ISM_run-6_target-10.88_1	1188	A	T
ISL1_chr5:51382751-51383709_ISM_run-7_target-10.88_1	933	G	C
ISL1_chr5:51382751-51383709_ISM_run-7_target-10.88_1	943	T	C
ISL1_chr5:51382751-51383709_ISM_run-7_target-10.88_1	959	T	G
ISL1_chr5:51382751-51383709_ISM_run-7_target-10.88_1	1011	A	G
ISL1_chr5:51382751-51383709_ISM_run-7_target-10.88_1	1043	C	T
ISL1_chr5:51382751-51383709_ISM_run-7_target-10.88_1	1078	C	G
ISL1_chr5:51382751-51383709_ISM_run-7_target-10.88_1	1080	C	A
ISL1_chr5:51382751-51383709_ISM_run-7_target-10.88_1	1093	A	G
ISL1_chr5:51382751-51383709_ISM_run-7_target-10.88_1	1103	C	G
ISL1_chr5:51382751-51383709_ISM_run-7_target-10.88_1	1109	A	C
ISL1_chr5:51382751-51383709_ISM_run-7_target-10.88_1	1123	A	G
ISL1_chr5:51382751-51383709_ISM_run-7_target-10.88_1	1125	A	C
ISL1_chr5:51382751-51383709_ISM_run-7_target-10.88_1	1128	A	G
ISL1_chr5:51382751-51383709_ISM_run-7_target-10.88_1	1156	T	C
ISL1_chr5:51382751-51383709_ISM_run-7_target-10.88_1	1188	A	T
ISL1_chr5:51382751-51383709_ISM_run-8_target-10.88_1	1011	A	C
ISL1_chr5:51382751-51383709_ISM_run-8_target-10.88_1	1023	A	G
ISL1_chr5:51382751-51383709_ISM_run-8_target-10.88_1	1045	T	C
ISL1_chr5:51382751-51383709_ISM_run-8_target-10.88_1	1046	G	C
ISL1_chr5:51382751-51383709_ISM_run-8_target-10.88_1	1057	G	C
ISL1_chr5:51382751-51383709_ISM_run-8_target-10.88_1	1070	C	A
ISL1_chr5:51382751-51383709_ISM_run-8_target-10.88_1	1078	C	G
ISL1_chr5:51382751-51383709_ISM_run-8_target-10.88_1	1083	G	T
ISL1_chr5:51382751-51383709_ISM_run-8_target-10.88_1	1093	A	C
ISL1_chr5:51382751-51383709_ISM_run-8_target-10.88_1	1112	T	G
ISL1_chr5:51382751-51383709_ISM_run-8_target-10.88_1	1113	G	T
ISL1_chr5:51382751-51383709_ISM_run-8_target-10.88_1	1130	T	C
ISL1_chr5:51382751-51383709_ISM_run-8_target-10.88_1	1145	A	C
ISL1_chr5:51382751-51383709_ISM_run-8_target-10.88_1	1176	T	G
ISL1_chr5:51382751-51383709_ISM_run-8_target-10.88_1	1188	A	T
ISL1_chr5:51382751-51383709_ISM_run-9_target-10.88_1	925	A	C
ISL1_chr5:51382751-51383709_ISM_run-9_target-10.88_1	935	A	T
ISL1_chr5:51382751-51383709_ISM_run-9_target-10.88_1	955	A	C
ISL1_chr5:51382751-51383709_ISM_run-9_target-10.88_1	961	T	C
ISL1_chr5:51382751-51383709_ISM_run-9_target-10.88_1	1010	A	T
ISL1_chr5:51382751-51383709_ISM_run-9_target-10.88_1	1011	A	C
ISL1_chr5:51382751-51383709_ISM_run-9_target-10.88_1	1046	G	C
ISL1_chr5:51382751-51383709_ISM_run-9_target-10.88_1	1078	C	A
ISL1_chr5:51382751-51383709_ISM_run-9_target-10.88_1	1095	A	G
ISL1_chr5:51382751-51383709_ISM_run-9_target-10.88_1	1119	G	C
ISL1_chr5:51382751-51383709_ISM_run-9_target-10.88_1	1130	T	A
ISL1_chr5:51382751-51383709_ISM_run-9_target-10.88_1	1134	A	C
ISL1_chr5:51382751-51383709_ISM_run-9_target-10.88_1	1149	A	T
ISL1_chr5:51382751-51383709_ISM_run-9_target-10.88_1	1156	T	C
ISL1_chr5:51382751-51383709_ISM_run-9_target-10.88_1	1188	A	T
ISL1_chr5:51382751-51383709_ISM_run-10_target-10.88_1	937	G	C
ISL1_chr5:51382751-51383709_ISM_run-10_target-10.88_1	939	T	C
ISL1_chr5:51382751-51383709_ISM_run-10_target-10.88_1	957	C	G
ISL1_chr5:51382751-51383709_ISM_run-10_target-10.88_1	959	T	G
ISL1_chr5:51382751-51383709_ISM_run-10_target-10.88_1	1006	G	C
ISL1_chr5:51382751-51383709_ISM_run-10_target-10.88_1	1011	A	G
ISL1_chr5:51382751-51383709_ISM_run-10_target-10.88_1	1043	C	T
ISL1_chr5:51382751-51383709_ISM_run-10_target-10.88_1	1070	C	A
ISL1_chr5:51382751-51383709_ISM_run-10_target-10.88_1	1078	C	G
ISL1_chr5:51382751-51383709_ISM_run-10_target-10.88_1	1113	G	T
ISL1_chr5:51382751-51383709_ISM_run-10_target-10.88_1	1127	A	T
ISL1_chr5:51382751-51383709_ISM_run-10_target-10.88_1	1132	T	A
ISL1_chr5:51382751-51383709_ISM_run-10_target-10.88_1	1140	A	C
ISL1_chr5:51382751-51383709_ISM_run-10_target-10.88_1	1176	T	G
ISL1_chr5:51382751-51383709_ISM_run-10_target-10.88_1	1188	A	T
ISL1_chr5:51382751-51383709_ISM_run-11_target-10.88_1	952	C	G
ISL1_chr5:51382751-51383709_ISM_run-11_target-10.88_1	956	T	C
ISL1_chr5:51382751-51383709_ISM_run-11_target-10.88_1	963	C	T
ISL1_chr5:51382751-51383709_ISM_run-11_target-10.88_1	992	T	C
ISL1_chr5:51382751-51383709_ISM_run-11_target-10.88_1	1007	C	A
ISL1_chr5:51382751-51383709_ISM_run-11_target-10.88_1	1011	A	C
ISL1_chr5:51382751-51383709_ISM_run-11_target-10.88_1	1021	T	G
ISL1_chr5:51382751-51383709_ISM_run-11_target-10.88_1	1023	A	G
ISL1_chr5:51382751-51383709_ISM_run-11_target-10.88_1	1030	C	G
ISL1_chr5:51382751-51383709_ISM_run-11_target-10.88_1	1078	C	A
ISL1_chr5:51382751-51383709_ISM_run-11_target-10.88_1	1109	A	C
ISL1_chr5:51382751-51383709_ISM_run-11_target-10.88_1	1127	A	T
ISL1_chr5:51382751-51383709_ISM_run-11_target-10.88_1	1140	A	C
ISL1_chr5:51382751-51383709_ISM_run-11_target-10.88_1	1176	T	C
ISL1_chr5:51382751-51383709_ISM_run-11_target-10.88_1	1188	A	T
ISL1_chr5:51382751-51383709_ISM_run-12_target-10.88_1	946	G	C
ISL1_chr5:51382751-51383709_ISM_run-12_target-10.88_1	959	T	G
ISL1_chr5:51382751-51383709_ISM_run-12_target-10.88_1	1010	A	T
ISL1_chr5:51382751-51383709_ISM_run-12_target-10.88_1	1011	A	C
ISL1_chr5:51382751-51383709_ISM_run-12_target-10.88_1	1043	C	T
ISL1_chr5:51382751-51383709_ISM_run-12_target-10.88_1	1078	C	G
ISL1_chr5:51382751-51383709_ISM_run-12_target-10.88_1	1079	C	T
ISL1_chr5:51382751-51383709_ISM_run-12_target-10.88_1	1085	G	C
ISL1_chr5:51382751-51383709_ISM_run-12_target-10.88_1	1087	T	G
ISL1_chr5:51382751-51383709_ISM_run-12_target-10.88_1	1093	A	G
ISL1_chr5:51382751-51383709_ISM_run-12_target-10.88_1	1109	A	C
ISL1_chr5:51382751-51383709_ISM_run-12_target-10.88_1	1114	A	C
ISL1_chr5:51382751-51383709_ISM_run-12_target-10.88_1	1131	T	C
ISL1_chr5:51382751-51383709_ISM_run-12_target-10.88_1	1134	A	C
ISL1_chr5:51382751-51383709_ISM_run-12_target-10.88_1	1188	A	T
ISL1_chr5:51382751-51383709_ISM_run-13_target-10.88_1	946	G	C
ISL1_chr5:51382751-51383709_ISM_run-13_target-10.88_1	959	T	G
ISL1_chr5:51382751-51383709_ISM_run-13_target-10.88_1	1010	A	T
ISL1_chr5:51382751-51383709_ISM_run-13_target-10.88_1	1011	A	C
ISL1_chr5:51382751-51383709_ISM_run-13_target-10.88_1	1047	C	G
ISL1_chr5:51382751-51383709_ISM_run-13_target-10.88_1	1057	G	C
ISL1_chr5:51382751-51383709_ISM_run-13_target-10.88_1	1070	C	A
ISL1_chr5:51382751-51383709_ISM_run-13_target-10.88_1	1078	C	G
ISL1_chr5:51382751-51383709_ISM_run-13_target-10.88_1	1083	G	T
ISL1_chr5:51382751-51383709_ISM_run-13_target-10.88_1	1113	G	T
ISL1_chr5:51382751-51383709_ISM_run-13_target-10.88_1	1120	A	C
ISL1_chr5:51382751-51383709_ISM_run-13_target-10.88_1	1138	A	C
ISL1_chr5:51382751-51383709_ISM_run-13_target-10.88_1	1145	A	C
ISL1_chr5:51382751-51383709_ISM_run-13_target-10.88_1	1151	A	T
ISL1_chr5:51382751-51383709_ISM_run-13_target-10.88_1	1188	A	T
ISL1_chr5:51382751-51383709_ISM_run-14_target-10.88_1	937	G	C
ISL1_chr5:51382751-51383709_ISM_run-14_target-10.88_1	939	T	C
ISL1_chr5:51382751-51383709_ISM_run-14_target-10.88_1	956	T	C
ISL1_chr5:51382751-51383709_ISM_run-14_target-10.88_1	1010	A	T
ISL1_chr5:51382751-51383709_ISM_run-14_target-10.88_1	1011	A	C
ISL1_chr5:51382751-51383709_ISM_run-14_target-10.88_1	1046	G	C
ISL1_chr5:51382751-51383709_ISM_run-14_target-10.88_1	1078	C	G
ISL1_chr5:51382751-51383709_ISM_run-14_target-10.88_1	1080	C	A
ISL1_chr5:51382751-51383709_ISM_run-14_target-10.88_1	1093	A	G
ISL1_chr5:51382751-51383709_ISM_run-14_target-10.88_1	1112	T	G
ISL1_chr5:51382751-51383709_ISM_run-14_target-10.88_1	1130	T	G
ISL1_chr5:51382751-51383709_ISM_run-14_target-10.88_1	1132	T	G
ISL1_chr5:51382751-51383709_ISM_run-14_target-10.88_1	1138	A	C
ISL1_chr5:51382751-51383709_ISM_run-14_target-10.88_1	1145	A	C
ISL1_chr5:51382751-51383709_ISM_run-14_target-10.88_1	1188	A	T
ISL1_chr5:51382751-51383709_ISM_run-15_target-10.88_1	935	A	T
ISL1_chr5:51382751-51383709_ISM_run-15_target-10.88_1	946	G	C
ISL1_chr5:51382751-51383709_ISM_run-15_target-10.88_1	959	T	G
ISL1_chr5:51382751-51383709_ISM_run-15_target-10.88_1	1000	G	A
ISL1_chr5:51382751-51383709_ISM_run-15_target-10.88_1	1011	A	G
ISL1_chr5:51382751-51383709_ISM_run-15_target-10.88_1	1043	C	T
ISL1_chr5:51382751-51383709_ISM_run-15_target-10.88_1	1078	C	A
ISL1_chr5:51382751-51383709_ISM_run-15_target-10.88_1	1093	A	G
ISL1_chr5:51382751-51383709_ISM_run-15_target-10.88_1	1109	A	C
ISL1_chr5:51382751-51383709_ISM_run-15_target-10.88_1	1116	T	C
ISL1_chr5:51382751-51383709_ISM_run-15_target-10.88_1	1126	G	A
ISL1_chr5:51382751-51383709_ISM_run-15_target-10.88_1	1127	A	T
ISL1_chr5:51382751-51383709_ISM_run-15_target-10.88_1	1130	T	C
ISL1_chr5:51382751-51383709_ISM_run-15_target-10.88_1	1140	A	C
ISL1_chr5:51382751-51383709_ISM_run-15_target-10.88_1	1188	A	T
ISL1_chr5:51382751-51383709_ISM_run-16_target-10.88_1	933	G	A
ISL1_chr5:51382751-51383709_ISM_run-16_target-10.88_1	939	T	C
ISL1_chr5:51382751-51383709_ISM_run-16_target-10.88_1	1015	T	G
ISL1_chr5:51382751-51383709_ISM_run-16_target-10.88_1	1047	C	G
ISL1_chr5:51382751-51383709_ISM_run-16_target-10.88_1	1066	T	C
ISL1_chr5:51382751-51383709_ISM_run-16_target-10.88_1	1078	C	G
ISL1_chr5:51382751-51383709_ISM_run-16_target-10.88_1	1079	C	T
ISL1_chr5:51382751-51383709_ISM_run-16_target-10.88_1	1093	A	G
ISL1_chr5:51382751-51383709_ISM_run-16_target-10.88_1	1109	A	C
ISL1_chr5:51382751-51383709_ISM_run-16_target-10.88_1	1113	G	T
ISL1_chr5:51382751-51383709_ISM_run-16_target-10.88_1	1131	T	C
ISL1_chr5:51382751-51383709_ISM_run-16_target-10.88_1	1137	A	C
ISL1_chr5:51382751-51383709_ISM_run-16_target-10.88_1	1138	A	C
ISL1_chr5:51382751-51383709_ISM_run-16_target-10.88_1	1149	A	C
ISL1_chr5:51382751-51383709_ISM_run-16_target-10.88_1	1188	A	T
ISL1_chr5:51382751-51383709_ISM_run-17_target-10.88_1	951	C	G
ISL1_chr5:51382751-51383709_ISM_run-17_target-10.88_1	956	T	C
ISL1_chr5:51382751-51383709_ISM_run-17_target-10.88_1	1000	G	C
ISL1_chr5:51382751-51383709_ISM_run-17_target-10.88_1	1011	A	G
ISL1_chr5:51382751-51383709_ISM_run-17_target-10.88_1	1045	T	C
ISL1_chr5:51382751-51383709_ISM_run-17_target-10.88_1	1067	C	A
ISL1_chr5:51382751-51383709_ISM_run-17_target-10.88_1	1070	C	A
ISL1_chr5:51382751-51383709_ISM_run-17_target-10.88_1	1078	C	G
ISL1_chr5:51382751-51383709_ISM_run-17_target-10.88_1	1081	G	C
ISL1_chr5:51382751-51383709_ISM_run-17_target-10.88_1	1114	A	G
ISL1_chr5:51382751-51383709_ISM_run-17_target-10.88_1	1121	G	C
ISL1_chr5:51382751-51383709_ISM_run-17_target-10.88_1	1123	A	G
ISL1_chr5:51382751-51383709_ISM_run-17_target-10.88_1	1130	T	A
ISL1_chr5:51382751-51383709_ISM_run-17_target-10.88_1	1134	A	C
ISL1_chr5:51382751-51383709_ISM_run-17_target-10.88_1	1188	A	T
ISL1_chr5:51382751-51383709_ISM_run-18_target-10.88_1	939	T	C
ISL1_chr5:51382751-51383709_ISM_run-18_target-10.88_1	984	A	T
ISL1_chr5:51382751-51383709_ISM_run-18_target-10.88_1	1000	G	A
ISL1_chr5:51382751-51383709_ISM_run-18_target-10.88_1	1008	T	G
ISL1_chr5:51382751-51383709_ISM_run-18_target-10.88_1	1047	C	G
ISL1_chr5:51382751-51383709_ISM_run-18_target-10.88_1	1068	G	T
ISL1_chr5:51382751-51383709_ISM_run-18_target-10.88_1	1078	C	G
ISL1_chr5:51382751-51383709_ISM_run-18_target-10.88_1	1079	C	T
ISL1_chr5:51382751-51383709_ISM_run-18_target-10.88_1	1093	A	G
ISL1_chr5:51382751-51383709_ISM_run-18_target-10.88_1	1120	A	C
ISL1_chr5:51382751-51383709_ISM_run-18_target-10.88_1	1126	G	C
ISL1_chr5:51382751-51383709_ISM_run-18_target-10.88_1	1130	T	A
ISL1_chr5:51382751-51383709_ISM_run-18_target-10.88_1	1134	A	C
ISL1_chr5:51382751-51383709_ISM_run-18_target-10.88_1	1188	A	T
ISL1_chr5:51382751-51383709_ISM_run-19_target-10.88_1	939	T	C
ISL1_chr5:51382751-51383709_ISM_run-19_target-10.88_1	956	T	G
ISL1_chr5:51382751-51383709_ISM_run-19_target-10.88_1	1005	G	A
ISL1_chr5:51382751-51383709_ISM_run-19_target-10.88_1	1011	A	T
ISL1_chr5:51382751-51383709_ISM_run-19_target-10.88_1	1022	C	G
ISL1_chr5:51382751-51383709_ISM_run-19_target-10.88_1	1045	T	C
ISL1_chr5:51382751-51383709_ISM_run-19_target-10.88_1	1047	C	T
ISL1_chr5:51382751-51383709_ISM_run-19_target-10.88_1	1070	C	A
ISL1_chr5:51382751-51383709_ISM_run-19_target-10.88_1	1078	C	G
ISL1_chr5:51382751-51383709_ISM_run-19_target-10.88_1	1081	G	C
ISL1_chr5:51382751-51383709_ISM_run-19_target-10.88_1	1109	A	C
ISL1_chr5:51382751-51383709_ISM_run-19_target-10.88_1	1113	G	A
ISL1_chr5:51382751-51383709_ISM_run-19_target-10.88_1	1128	A	G
ISL1_chr5:51382751-51383709_ISM_run-19_target-10.88_1	1132	T	A
ISL1_chr5:51382751-51383709_ISM_run-19_target-10.88_1	1145	A	C
ISL1_chr5:51382751-51383709_ISM_run-20_target-10.88_1	946	G	C
ISL1_chr5:51382751-51383709_ISM_run-20_target-10.88_1	986	T	C
ISL1_chr5:51382751-51383709_ISM_run-20_target-10.88_1	1000	G	A
ISL1_chr5:51382751-51383709_ISM_run-20_target-10.88_1	1003	G	C
ISL1_chr5:51382751-51383709_ISM_run-20_target-10.88_1	1012	A	G
ISL1_chr5:51382751-51383709_ISM_run-20_target-10.88_1	1043	C	G
ISL1_chr5:51382751-51383709_ISM_run-20_target-10.88_1	1070	C	A
ISL1_chr5:51382751-51383709_ISM_run-20_target-10.88_1	1078	C	G
ISL1_chr5:51382751-51383709_ISM_run-20_target-10.88_1	1083	G	C
ISL1_chr5:51382751-51383709_ISM_run-20_target-10.88_1	1102	G	C
ISL1_chr5:51382751-51383709_ISM_run-20_target-10.88_1	1114	A	G
ISL1_chr5:51382751-51383709_ISM_run-20_target-10.88_1	1123	A	G
ISL1_chr5:51382751-51383709_ISM_run-20_target-10.88_1	1130	T	A
ISL1_chr5:51382751-51383709_ISM_run-20_target-10.88_1	1134	A	C
ISL1_chr5:51382751-51383709_ISM_run-20_target-10.88_1	1188	A	T
ISL1_chr5:51382751-51383709_ISM_run-21_target-10.88_1	924	G	A
ISL1_chr5:51382751-51383709_ISM_run-21_target-10.88_1	946	G	C
ISL1_chr5:51382751-51383709_ISM_run-21_target-10.88_1	959	T	G
ISL1_chr5:51382751-51383709_ISM_run-21_target-10.88_1	1011	A	C
ISL1_chr5:51382751-51383709_ISM_run-21_target-10.88_1	1043	C	G
ISL1_chr5:51382751-51383709_ISM_run-21_target-10.88_1	1061	G	T
ISL1_chr5:51382751-51383709_ISM_run-21_target-10.88_1	1070	C	A
ISL1_chr5:51382751-51383709_ISM_run-21_target-10.88_1	1078	C	G
ISL1_chr5:51382751-51383709_ISM_run-21_target-10.88_1	1102	G	C
ISL1_chr5:51382751-51383709_ISM_run-21_target-10.88_1	1117	T	G
ISL1_chr5:51382751-51383709_ISM_run-21_target-10.88_1	1130	T	A
ISL1_chr5:51382751-51383709_ISM_run-21_target-10.88_1	1134	A	C
ISL1_chr5:51382751-51383709_ISM_run-21_target-10.88_1	1156	T	G
ISL1_chr5:51382751-51383709_ISM_run-21_target-10.88_1	1167	C	A
ISL1_chr5:51382751-51383709_ISM_run-21_target-10.88_1	1188	A	T
ISL1_chr5:51382751-51383709_ISM_run-22_target-10.88_1	925	A	G
ISL1_chr5:51382751-51383709_ISM_run-22_target-10.88_1	946	G	C
ISL1_chr5:51382751-51383709_ISM_run-22_target-10.88_1	959	T	G
ISL1_chr5:51382751-51383709_ISM_run-22_target-10.88_1	1001	G	C
ISL1_chr5:51382751-51383709_ISM_run-22_target-10.88_1	1011	A	G
ISL1_chr5:51382751-51383709_ISM_run-22_target-10.88_1	1043	C	T
ISL1_chr5:51382751-51383709_ISM_run-22_target-10.88_1	1078	C	A
ISL1_chr5:51382751-51383709_ISM_run-22_target-10.88_1	1099	A	G
ISL1_chr5:51382751-51383709_ISM_run-22_target-10.88_1	1120	A	C
ISL1_chr5:51382751-51383709_ISM_run-22_target-10.88_1	1130	T	A
ISL1_chr5:51382751-51383709_ISM_run-22_target-10.88_1	1134	A	C
ISL1_chr5:51382751-51383709_ISM_run-22_target-10.88_1	1156	T	G
ISL1_chr5:51382751-51383709_ISM_run-22_target-10.88_1	1158	C	G
ISL1_chr5:51382751-51383709_ISM_run-22_target-10.88_1	1166	G	T
ISL1_chr5:51382751-51383709_ISM_run-22_target-10.88_1	1188	A	T
ISL1_chr5:51382751-51383709_ISM_run-23_target-10.88_1	926	G	A
ISL1_chr5:51382751-51383709_ISM_run-23_target-10.88_1	946	G	C
ISL1_chr5:51382751-51383709_ISM_run-23_target-10.88_1	1010	A	T
ISL1_chr5:51382751-51383709_ISM_run-23_target-10.88_1	1011	A	C
ISL1_chr5:51382751-51383709_ISM_run-23_target-10.88_1	1043	C	T
ISL1_chr5:51382751-51383709_ISM_run-23_target-10.88_1	1070	C	A
ISL1_chr5:51382751-51383709_ISM_run-23_target-10.88_1	1078	C	G
ISL1_chr5:51382751-51383709_ISM_run-23_target-10.88_1	1081	G	C
ISL1_chr5:51382751-51383709_ISM_run-23_target-10.88_1	1107	G	C
ISL1_chr5:51382751-51383709_ISM_run-23_target-10.88_1	1123	A	G
ISL1_chr5:51382751-51383709_ISM_run-23_target-10.88_1	1130	T	A
ISL1_chr5:51382751-51383709_ISM_run-23_target-10.88_1	1134	A	C
ISL1_chr5:51382751-51383709_ISM_run-23_target-10.88_1	1156	T	C
ISL1_chr5:51382751-51383709_ISM_run-23_target-10.88_1	1188	A	T
ISL1_chr5:51382751-51383709_ISM_run-24_target-10.88_1	925	A	G
ISL1_chr5:51382751-51383709_ISM_run-24_target-10.88_1	955	A	C
ISL1_chr5:51382751-51383709_ISM_run-24_target-10.88_1	957	C	G
ISL1_chr5:51382751-51383709_ISM_run-24_target-10.88_1	1010	A	T
ISL1_chr5:51382751-51383709_ISM_run-24_target-10.88_1	1011	A	C
ISL1_chr5:51382751-51383709_ISM_run-24_target-10.88_1	1022	C	G
ISL1_chr5:51382751-51383709_ISM_run-24_target-10.88_1	1046	G	C
ISL1_chr5:51382751-51383709_ISM_run-24_target-10.88_1	1078	C	G
ISL1_chr5:51382751-51383709_ISM_run-24_target-10.88_1	1079	C	T
ISL1_chr5:51382751-51383709_ISM_run-24_target-10.88_1	1088	G	A
ISL1_chr5:51382751-51383709_ISM_run-24_target-10.88_1	1093	A	G
ISL1_chr5:51382751-51383709_ISM_run-24_target-10.88_1	1110	G	T
ISL1_chr5:51382751-51383709_ISM_run-24_target-10.88_1	1117	T	C
ISL1_chr5:51382751-51383709_ISM_run-24_target-10.88_1	1127	A	C
ISL1_chr5:51382751-51383709_ISM_run-24_target-10.88_1	1188	A	T
ISL1_chr5:51382751-51383709_ISM_run-25_target-10.88_1	946	G	C
ISL1_chr5:51382751-51383709_ISM_run-25_target-10.88_1	956	T	C
ISL1_chr5:51382751-51383709_ISM_run-25_target-10.88_1	985	G	A
ISL1_chr5:51382751-51383709_ISM_run-25_target-10.88_1	1010	A	T
ISL1_chr5:51382751-51383709_ISM_run-25_target-10.88_1	1011	A	C
ISL1_chr5:51382751-51383709_ISM_run-25_target-10.88_1	1023	A	G
ISL1_chr5:51382751-51383709_ISM_run-25_target-10.88_1	1030	C	G
ISL1_chr5:51382751-51383709_ISM_run-25_target-10.88_1	1045	T	C
ISL1_chr5:51382751-51383709_ISM_run-25_target-10.88_1	1078	C	A
ISL1_chr5:51382751-51383709_ISM_run-25_target-10.88_1	1085	G	T
ISL1_chr5:51382751-51383709_ISM_run-25_target-10.88_1	1088	G	C
ISL1_chr5:51382751-51383709_ISM_run-25_target-10.88_1	1093	A	C
ISL1_chr5:51382751-51383709_ISM_run-25_target-10.88_1	1109	A	C
ISL1_chr5:51382751-51383709_ISM_run-25_target-10.88_1	1127	A	C
ISL1_chr5:51382751-51383709_ISM_run-25_target-10.88_1	1188	A	T
ISL1_chr5:51382751-51383709_ISM_run-26_target-10.88_1	939	T	C
ISL1_chr5:51382751-51383709_ISM_run-26_target-10.88_1	946	G	C
ISL1_chr5:51382751-51383709_ISM_run-26_target-10.88_1	956	T	C
ISL1_chr5:51382751-51383709_ISM_run-26_target-10.88_1	1010	A	T
ISL1_chr5:51382751-51383709_ISM_run-26_target-10.88_1	1011	A	C
ISL1_chr5:51382751-51383709_ISM_run-26_target-10.88_1	1046	G	C
ISL1_chr5:51382751-51383709_ISM_run-26_target-10.88_1	1079	C	T
ISL1_chr5:51382751-51383709_ISM_run-26_target-10.88_1	1093	A	G
ISL1_chr5:51382751-51383709_ISM_run-26_target-10.88_1	1102	G	C
ISL1_chr5:51382751-51383709_ISM_run-26_target-10.88_1	1130	T	A
ISL1_chr5:51382751-51383709_ISM_run-26_target-10.88_1	1134	A	C
ISL1_chr5:51382751-51383709_ISM_run-26_target-10.88_1	1156	T	G
ISL1_chr5:51382751-51383709_ISM_run-26_target-10.88_1	1160	C	T
ISL1_chr5:51382751-51383709_ISM_run-26_target-10.88_1	1188	A	T
ISL1_chr5:51382751-51383709_ISM_run-27_target-10.88_1	939	T	C
ISL1_chr5:51382751-51383709_ISM_run-27_target-10.88_1	946	G	C
ISL1_chr5:51382751-51383709_ISM_run-27_target-10.88_1	956	T	C
ISL1_chr5:51382751-51383709_ISM_run-27_target-10.88_1	999	C	G
ISL1_chr5:51382751-51383709_ISM_run-27_target-10.88_1	1001	G	T
ISL1_chr5:51382751-51383709_ISM_run-27_target-10.88_1	1006	G	C
ISL1_chr5:51382751-51383709_ISM_run-27_target-10.88_1	1008	T	G
ISL1_chr5:51382751-51383709_ISM_run-27_target-10.88_1	1043	C	T
ISL1_chr5:51382751-51383709_ISM_run-27_target-10.88_1	1078	C	G
ISL1_chr5:51382751-51383709_ISM_run-27_target-10.88_1	1080	C	A
ISL1_chr5:51382751-51383709_ISM_run-27_target-10.88_1	1093	A	G
ISL1_chr5:51382751-51383709_ISM_run-27_target-10.88_1	1127	A	C
ISL1_chr5:51382751-51383709_ISM_run-27_target-10.88_1	1128	A	C
ISL1_chr5:51382751-51383709_ISM_run-27_target-10.88_1	1134	A	C
ISL1_chr5:51382751-51383709_ISM_run-27_target-10.88_1	1188	A	T
ISL1_chr5:51382751-51383709_ISM_run-28_target-10.88_1	939	T	C
ISL1_chr5:51382751-51383709_ISM_run-28_target-10.88_1	956	T	C
ISL1_chr5:51382751-51383709_ISM_run-28_target-10.88_1	1007	C	A
ISL1_chr5:51382751-51383709_ISM_run-28_target-10.88_1	1011	A	C
ISL1_chr5:51382751-51383709_ISM_run-28_target-10.88_1	1021	T	G
ISL1_chr5:51382751-51383709_ISM_run-28_target-10.88_1	1022	C	G
ISL1_chr5:51382751-51383709_ISM_run-28_target-10.88_1	1045	T	C
ISL1_chr5:51382751-51383709_ISM_run-28_target-10.88_1	1047	C	G
ISL1_chr5:51382751-51383709_ISM_run-28_target-10.88_1	1070	C	A
ISL1_chr5:51382751-51383709_ISM_run-28_target-10.88_1	1078	C	G
ISL1_chr5:51382751-51383709_ISM_run-28_target-10.88_1	1093	A	C
ISL1_chr5:51382751-51383709_ISM_run-28_target-10.88_1	1123	A	G
ISL1_chr5:51382751-51383709_ISM_run-28_target-10.88_1	1130	T	A
ISL1_chr5:51382751-51383709_ISM_run-28_target-10.88_1	1134	A	C
ISL1_chr5:51382751-51383709_ISM_run-29_target-10.88_1	925	A	G
ISL1_chr5:51382751-51383709_ISM_run-29_target-10.88_1	946	G	C
ISL1_chr5:51382751-51383709_ISM_run-29_target-10.88_1	959	T	G
ISL1_chr5:51382751-51383709_ISM_run-29_target-10.88_1	1011	A	G
ISL1_chr5:51382751-51383709_ISM_run-29_target-10.88_1	1043	C	T
ISL1_chr5:51382751-51383709_ISM_run-29_target-10.88_1	1078	C	G
ISL1_chr5:51382751-51383709_ISM_run-29_target-10.88_1	1080	C	A
ISL1_chr5:51382751-51383709_ISM_run-29_target-10.88_1	1093	A	C
ISL1_chr5:51382751-51383709_ISM_run-29_target-10.88_1	1105	A	G
ISL1_chr5:51382751-51383709_ISM_run-29_target-10.88_1	1109	A	C
ISL1_chr5:51382751-51383709_ISM_run-29_target-10.88_1	1126	G	T
ISL1_chr5:51382751-51383709_ISM_run-29_target-10.88_1	1127	A	C
ISL1_chr5:51382751-51383709_ISM_run-29_target-10.88_1	1130	T	A
ISL1_chr5:51382751-51383709_ISM_run-29_target-10.88_1	1134	A	C
ISL1_chr5:51382751-51383709_ISM_run-29_target-10.88_1	1188	A	T
ISL1_chr5:51382751-51383709_ISM_run-30_target-10.88_1	946	G	C
ISL1_chr5:51382751-51383709_ISM_run-30_target-10.88_1	959	T	G
ISL1_chr5:51382751-51383709_ISM_run-30_target-10.88_1	1010	A	T
ISL1_chr5:51382751-51383709_ISM_run-30_target-10.88_1	1011	A	C
ISL1_chr5:51382751-51383709_ISM_run-30_target-10.88_1	1022	C	G
ISL1_chr5:51382751-51383709_ISM_run-30_target-10.88_1	1047	C	G
ISL1_chr5:51382751-51383709_ISM_run-30_target-10.88_1	1068	G	T
ISL1_chr5:51382751-51383709_ISM_run-30_target-10.88_1	1070	C	A
ISL1_chr5:51382751-51383709_ISM_run-30_target-10.88_1	1078	C	G
ISL1_chr5:51382751-51383709_ISM_run-30_target-10.88_1	1123	A	G
ISL1_chr5:51382751-51383709_ISM_run-30_target-10.88_1	1126	G	A
ISL1_chr5:51382751-51383709_ISM_run-30_target-10.88_1	1134	A	C
ISL1_chr5:51382751-51383709_ISM_run-30_target-10.88_1	1137	A	C
ISL1_chr5:51382751-51383709_ISM_run-30_target-10.88_1	1157	G	T
ISL1_chr5:51382751-51383709_ISM_run-30_target-10.88_1	1188	A	T
ISL1_chr5:51382751-51383709_ISM_run-31_target-10.88_1	939	T	C
ISL1_chr5:51382751-51383709_ISM_run-31_target-10.88_1	956	T	C
ISL1_chr5:51382751-51383709_ISM_run-31_target-10.88_1	1010	A	T
ISL1_chr5:51382751-51383709_ISM_run-31_target-10.88_1	1011	A	C
ISL1_chr5:51382751-51383709_ISM_run-31_target-10.88_1	1046	G	C
ISL1_chr5:51382751-51383709_ISM_run-31_target-10.88_1	1078	C	A
ISL1_chr5:51382751-51383709_ISM_run-31_target-10.88_1	1079	C	A
ISL1_chr5:51382751-51383709_ISM_run-31_target-10.88_1	1093	A	G
ISL1_chr5:51382751-51383709_ISM_run-31_target-10.88_1	1112	T	G
ISL1_chr5:51382751-51383709_ISM_run-31_target-10.88_1	1134	A	C
ISL1_chr5:51382751-51383709_ISM_run-31_target-10.88_1	1137	A	C
ISL1_chr5:51382751-51383709_ISM_run-31_target-10.88_1	1145	A	C
ISL1_chr5:51382751-51383709_ISM_run-31_target-10.88_1	1151	A	T
ISL1_chr5:51382751-51383709_ISM_run-31_target-10.88_1	1176	T	G
ISL1_chr5:51382751-51383709_ISM_run-31_target-10.88_1	1188	A	T
ISL1_chr5:51382751-51383709_ISM_run-32_target-10.88_1	952	C	T
ISL1_chr5:51382751-51383709_ISM_run-32_target-10.88_1	956	T	C
ISL1_chr5:51382751-51383709_ISM_run-32_target-10.88_1	1010	A	T
ISL1_chr5:51382751-51383709_ISM_run-32_target-10.88_1	1011	A	C
ISL1_chr5:51382751-51383709_ISM_run-32_target-10.88_1	1013	T	C
ISL1_chr5:51382751-51383709_ISM_run-32_target-10.88_1	1023	A	G
ISL1_chr5:51382751-51383709_ISM_run-32_target-10.88_1	1043	C	T
ISL1_chr5:51382751-51383709_ISM_run-32_target-10.88_1	1066	T	C
ISL1_chr5:51382751-51383709_ISM_run-32_target-10.88_1	1070	C	A
ISL1_chr5:51382751-51383709_ISM_run-32_target-10.88_1	1077	C	G
ISL1_chr5:51382751-51383709_ISM_run-32_target-10.88_1	1087	T	C
ISL1_chr5:51382751-51383709_ISM_run-32_target-10.88_1	1114	A	C
ISL1_chr5:51382751-51383709_ISM_run-32_target-10.88_1	1116	T	C
ISL1_chr5:51382751-51383709_ISM_run-32_target-10.88_1	1127	A	C
ISL1_chr5:51382751-51383709_ISM_run-32_target-10.88_1	1188	A	T
ISL1_chr5:51382751-51383709_ISM_run-33_target-10.88_1	946	G	C
ISL1_chr5:51382751-51383709_ISM_run-33_target-10.88_1	959	T	G
ISL1_chr5:51382751-51383709_ISM_run-33_target-10.88_1	1001	G	C
ISL1_chr5:51382751-51383709_ISM_run-33_target-10.88_1	1011	A	G
ISL1_chr5:51382751-51383709_ISM_run-33_target-10.88_1	1047	C	G
ISL1_chr5:51382751-51383709_ISM_run-33_target-10.88_1	1078	C	G
ISL1_chr5:51382751-51383709_ISM_run-33_target-10.88_1	1079	C	T
ISL1_chr5:51382751-51383709_ISM_run-33_target-10.88_1	1083	G	C
ISL1_chr5:51382751-51383709_ISM_run-33_target-10.88_1	1093	A	G
ISL1_chr5:51382751-51383709_ISM_run-33_target-10.88_1	1095	A	T
ISL1_chr5:51382751-51383709_ISM_run-33_target-10.88_1	1117	T	G
ISL1_chr5:51382751-51383709_ISM_run-33_target-10.88_1	1130	T	A
ISL1_chr5:51382751-51383709_ISM_run-33_target-10.88_1	1134	A	C
ISL1_chr5:51382751-51383709_ISM_run-33_target-10.88_1	1164	C	T
ISL1_chr5:51382751-51383709_ISM_run-34_target-10.88_1	1011	A	C
ISL1_chr5:51382751-51383709_ISM_run-34_target-10.88_1	1021	T	G
ISL1_chr5:51382751-51383709_ISM_run-34_target-10.88_1	1023	A	G
ISL1_chr5:51382751-51383709_ISM_run-34_target-10.88_1	1045	T	C
ISL1_chr5:51382751-51383709_ISM_run-34_target-10.88_1	1046	G	C
ISL1_chr5:51382751-51383709_ISM_run-34_target-10.88_1	1057	G	C
ISL1_chr5:51382751-51383709_ISM_run-34_target-10.88_1	1070	C	A
ISL1_chr5:51382751-51383709_ISM_run-34_target-10.88_1	1078	C	G
ISL1_chr5:51382751-51383709_ISM_run-34_target-10.88_1	1095	A	G
ISL1_chr5:51382751-51383709_ISM_run-34_target-10.88_1	1107	G	C
ISL1_chr5:51382751-51383709_ISM_run-34_target-10.88_1	1130	T	A
ISL1_chr5:51382751-51383709_ISM_run-34_target-10.88_1	1134	A	C
ISL1_chr5:51382751-51383709_ISM_run-34_target-10.88_1	1160	C	T
ISL1_chr5:51382751-51383709_ISM_run-34_target-10.88_1	1184	C	G
ISL1_chr5:51382751-51383709_ISM_run-34_target-10.88_1	1188	A	T
ISL1_chr5:51382751-51383709_ISM_run-35_target-10.88_1	956	T	C
ISL1_chr5:51382751-51383709_ISM_run-35_target-10.88_1	1010	A	T
ISL1_chr5:51382751-51383709_ISM_run-35_target-10.88_1	1011	A	C
ISL1_chr5:51382751-51383709_ISM_run-35_target-10.88_1	1023	A	G
ISL1_chr5:51382751-51383709_ISM_run-35_target-10.88_1	1045	T	C
ISL1_chr5:51382751-51383709_ISM_run-35_target-10.88_1	1046	G	C
ISL1_chr5:51382751-51383709_ISM_run-35_target-10.88_1	1057	G	C
ISL1_chr5:51382751-51383709_ISM_run-35_target-10.88_1	1070	C	A
ISL1_chr5:51382751-51383709_ISM_run-35_target-10.88_1	1083	G	C
ISL1_chr5:51382751-51383709_ISM_run-35_target-10.88_1	1117	T	G
ISL1_chr5:51382751-51383709_ISM_run-35_target-10.88_1	1125	A	C
ISL1_chr5:51382751-51383709_ISM_run-35_target-10.88_1	1130	T	C
ISL1_chr5:51382751-51383709_ISM_run-35_target-10.88_1	1134	A	C
ISL1_chr5:51382751-51383709_ISM_run-35_target-10.88_1	1156	T	G
ISL1_chr5:51382751-51383709_ISM_run-35_target-10.88_1	1188	A	T
ISL1_chr5:51382751-51383709_ISM_run-36_target-10.88_1	939	T	C
ISL1_chr5:51382751-51383709_ISM_run-36_target-10.88_1	956	T	C
ISL1_chr5:51382751-51383709_ISM_run-36_target-10.88_1	992	T	G
ISL1_chr5:51382751-51383709_ISM_run-36_target-10.88_1	1010	A	T
ISL1_chr5:51382751-51383709_ISM_run-36_target-10.88_1	1011	A	C
ISL1_chr5:51382751-51383709_ISM_run-36_target-10.88_1	1023	A	G
ISL1_chr5:51382751-51383709_ISM_run-36_target-10.88_1	1030	C	G
ISL1_chr5:51382751-51383709_ISM_run-36_target-10.88_1	1043	C	T
ISL1_chr5:51382751-51383709_ISM_run-36_target-10.88_1	1070	C	A
ISL1_chr5:51382751-51383709_ISM_run-36_target-10.88_1	1078	C	G
ISL1_chr5:51382751-51383709_ISM_run-36_target-10.88_1	1123	A	G
ISL1_chr5:51382751-51383709_ISM_run-36_target-10.88_1	1127	A	C
ISL1_chr5:51382751-51383709_ISM_run-36_target-10.88_1	1134	A	C
ISL1_chr5:51382751-51383709_ISM_run-36_target-10.88_1	1176	T	C
ISL1_chr5:51382751-51383709_ISM_run-36_target-10.88_1	1188	A	T
ISL1_chr5:51382751-51383709_ISM_run-37_target-10.88_1	946	G	C
ISL1_chr5:51382751-51383709_ISM_run-37_target-10.88_1	959	T	G
ISL1_chr5:51382751-51383709_ISM_run-37_target-10.88_1	1011	A	G
ISL1_chr5:51382751-51383709_ISM_run-37_target-10.88_1	1045	T	C
ISL1_chr5:51382751-51383709_ISM_run-37_target-10.88_1	1078	C	G
ISL1_chr5:51382751-51383709_ISM_run-37_target-10.88_1	1080	C	A
ISL1_chr5:51382751-51383709_ISM_run-37_target-10.88_1	1085	G	T
ISL1_chr5:51382751-51383709_ISM_run-37_target-10.88_1	1093	A	C
ISL1_chr5:51382751-51383709_ISM_run-37_target-10.88_1	1117	T	G
ISL1_chr5:51382751-51383709_ISM_run-37_target-10.88_1	1130	T	A
ISL1_chr5:51382751-51383709_ISM_run-37_target-10.88_1	1134	A	C
ISL1_chr5:51382751-51383709_ISM_run-37_target-10.88_1	1149	A	C
ISL1_chr5:51382751-51383709_ISM_run-37_target-10.88_1	1156	T	C
ISL1_chr5:51382751-51383709_ISM_run-37_target-10.88_1	1167	C	A
ISL1_chr5:51382751-51383709_ISM_run-37_target-10.88_1	1190	C	T
ISL1_chr5:51382751-51383709_ISM_run-38_target-10.88_1	925	A	G
ISL1_chr5:51382751-51383709_ISM_run-38_target-10.88_1	946	G	C
ISL1_chr5:51382751-51383709_ISM_run-38_target-10.88_1	959	T	G
ISL1_chr5:51382751-51383709_ISM_run-38_target-10.88_1	1010	A	T
ISL1_chr5:51382751-51383709_ISM_run-38_target-10.88_1	1011	A	C
ISL1_chr5:51382751-51383709_ISM_run-38_target-10.88_1	1047	C	G
ISL1_chr5:51382751-51383709_ISM_run-38_target-10.88_1	1078	C	A
ISL1_chr5:51382751-51383709_ISM_run-38_target-10.88_1	1093	A	G
ISL1_chr5:51382751-51383709_ISM_run-38_target-10.88_1	1109	A	C
ISL1_chr5:51382751-51383709_ISM_run-38_target-10.88_1	1116	T	G
ISL1_chr5:51382751-51383709_ISM_run-38_target-10.88_1	1123	A	C
ISL1_chr5:51382751-51383709_ISM_run-38_target-10.88_1	1130	T	A
ISL1_chr5:51382751-51383709_ISM_run-38_target-10.88_1	1134	A	C
ISL1_chr5:51382751-51383709_ISM_run-38_target-10.88_1	1156	T	G
ISL1_chr5:51382751-51383709_ISM_run-38_target-10.88_1	1188	A	T
ISL1_chr5:51382751-51383709_ISM_run-39_target-10.88_1	954	A	G
ISL1_chr5:51382751-51383709_ISM_run-39_target-10.88_1	956	T	C
ISL1_chr5:51382751-51383709_ISM_run-39_target-10.88_1	992	T	G
ISL1_chr5:51382751-51383709_ISM_run-39_target-10.88_1	1010	A	T
ISL1_chr5:51382751-51383709_ISM_run-39_target-10.88_1	1011	A	C
ISL1_chr5:51382751-51383709_ISM_run-39_target-10.88_1	1022	C	G
ISL1_chr5:51382751-51383709_ISM_run-39_target-10.88_1	1047	C	G
ISL1_chr5:51382751-51383709_ISM_run-39_target-10.88_1	1078	C	A
ISL1_chr5:51382751-51383709_ISM_run-39_target-10.88_1	1079	C	A
ISL1_chr5:51382751-51383709_ISM_run-39_target-10.88_1	1083	G	C
ISL1_chr5:51382751-51383709_ISM_run-39_target-10.88_1	1093	A	G
ISL1_chr5:51382751-51383709_ISM_run-39_target-10.88_1	1130	T	C
ISL1_chr5:51382751-51383709_ISM_run-39_target-10.88_1	1134	A	C
ISL1_chr5:51382751-51383709_ISM_run-39_target-10.88_1	1145	A	C
ISL1_chr5:51382751-51383709_ISM_run-39_target-10.88_1	1188	A	T
ISL1_chr5:51382751-51383709_ISM_run-40_target-10.88_1	946	G	C
ISL1_chr5:51382751-51383709_ISM_run-40_target-10.88_1	959	T	G
ISL1_chr5:51382751-51383709_ISM_run-40_target-10.88_1	1010	A	T
ISL1_chr5:51382751-51383709_ISM_run-40_target-10.88_1	1011	A	C
ISL1_chr5:51382751-51383709_ISM_run-40_target-10.88_1	1023	A	G
ISL1_chr5:51382751-51383709_ISM_run-40_target-10.88_1	1030	C	G
ISL1_chr5:51382751-51383709_ISM_run-40_target-10.88_1	1045	T	A
ISL1_chr5:51382751-51383709_ISM_run-40_target-10.88_1	1046	G	C
ISL1_chr5:51382751-51383709_ISM_run-40_target-10.88_1	1070	C	A
ISL1_chr5:51382751-51383709_ISM_run-40_target-10.88_1	1083	G	C
ISL1_chr5:51382751-51383709_ISM_run-40_target-10.88_1	1116	T	C
ISL1_chr5:51382751-51383709_ISM_run-40_target-10.88_1	1130	T	A
ISL1_chr5:51382751-51383709_ISM_run-40_target-10.88_1	1134	A	C
ISL1_chr5:51382751-51383709_ISM_run-40_target-10.88_1	1149	A	T
ISL1_chr5:51382751-51383709_ISM_run-40_target-10.88_1	1156	T	C
ISL1_chr5:51382751-51383709_ISM_run-41_target-10.88_1	971	T	G
ISL1_chr5:51382751-51383709_ISM_run-41_target-10.88_1	986	T	C
ISL1_chr5:51382751-51383709_ISM_run-41_target-10.88_1	994	A	G
ISL1_chr5:51382751-51383709_ISM_run-41_target-10.88_1	1000	G	A
ISL1_chr5:51382751-51383709_ISM_run-41_target-10.88_1	1008	T	G
ISL1_chr5:51382751-51383709_ISM_run-41_target-10.88_1	1043	C	T
ISL1_chr5:51382751-51383709_ISM_run-41_target-10.88_1	1078	C	G
ISL1_chr5:51382751-51383709_ISM_run-41_target-10.88_1	1079	C	T
ISL1_chr5:51382751-51383709_ISM_run-41_target-10.88_1	1093	A	G
ISL1_chr5:51382751-51383709_ISM_run-41_target-10.88_1	1117	T	G
ISL1_chr5:51382751-51383709_ISM_run-41_target-10.88_1	1130	T	A
ISL1_chr5:51382751-51383709_ISM_run-41_target-10.88_1	1134	A	C
ISL1_chr5:51382751-51383709_ISM_run-41_target-10.88_1	1156	T	G
ISL1_chr5:51382751-51383709_ISM_run-41_target-10.88_1	1188	A	T
ISL1_chr5:51382751-51383709_ISM_run-42_target-10.88_1	938	T	G
ISL1_chr5:51382751-51383709_ISM_run-42_target-10.88_1	939	T	C
ISL1_chr5:51382751-51383709_ISM_run-42_target-10.88_1	1011	A	T
ISL1_chr5:51382751-51383709_ISM_run-42_target-10.88_1	1015	T	C
ISL1_chr5:51382751-51383709_ISM_run-42_target-10.88_1	1017	A	G
ISL1_chr5:51382751-51383709_ISM_run-42_target-10.88_1	1045	T	C
ISL1_chr5:51382751-51383709_ISM_run-42_target-10.88_1	1046	G	C
ISL1_chr5:51382751-51383709_ISM_run-42_target-10.88_1	1057	G	C
ISL1_chr5:51382751-51383709_ISM_run-42_target-10.88_1	1070	C	A
ISL1_chr5:51382751-51383709_ISM_run-42_target-10.88_1	1078	C	G
ISL1_chr5:51382751-51383709_ISM_run-42_target-10.88_1	1083	G	T
ISL1_chr5:51382751-51383709_ISM_run-42_target-10.88_1	1107	G	C
ISL1_chr5:51382751-51383709_ISM_run-42_target-10.88_1	1130	T	C
ISL1_chr5:51382751-51383709_ISM_run-42_target-10.88_1	1134	A	C
ISL1_chr5:51382751-51383709_ISM_run-42_target-10.88_1	1145	A	C
ISL1_chr5:51382751-51383709_ISM_run-43_target-10.88_1	940	G	C
ISL1_chr5:51382751-51383709_ISM_run-43_target-10.88_1	956	T	C
ISL1_chr5:51382751-51383709_ISM_run-43_target-10.88_1	957	C	G
ISL1_chr5:51382751-51383709_ISM_run-43_target-10.88_1	962	C	G
ISL1_chr5:51382751-51383709_ISM_run-43_target-10.88_1	1011	A	G
ISL1_chr5:51382751-51383709_ISM_run-43_target-10.88_1	1078	C	G
ISL1_chr5:51382751-51383709_ISM_run-43_target-10.88_1	1080	C	A
ISL1_chr5:51382751-51383709_ISM_run-43_target-10.88_1	1093	A	G
ISL1_chr5:51382751-51383709_ISM_run-43_target-10.88_1	1103	C	G
ISL1_chr5:51382751-51383709_ISM_run-43_target-10.88_1	1109	A	C
ISL1_chr5:51382751-51383709_ISM_run-43_target-10.88_1	1113	G	A
ISL1_chr5:51382751-51383709_ISM_run-43_target-10.88_1	1114	A	G
ISL1_chr5:51382751-51383709_ISM_run-43_target-10.88_1	1138	A	C
ISL1_chr5:51382751-51383709_ISM_run-43_target-10.88_1	1145	A	C
ISL1_chr5:51382751-51383709_ISM_run-43_target-10.88_1	1188	A	T
ISL1_chr5:51382751-51383709_ISM_run-44_target-10.88_1	934	C	G
ISL1_chr5:51382751-51383709_ISM_run-44_target-10.88_1	939	T	C
ISL1_chr5:51382751-51383709_ISM_run-44_target-10.88_1	955	A	C
ISL1_chr5:51382751-51383709_ISM_run-44_target-10.88_1	1010	A	T
ISL1_chr5:51382751-51383709_ISM_run-44_target-10.88_1	1011	A	C
ISL1_chr5:51382751-51383709_ISM_run-44_target-10.88_1	1046	G	C
ISL1_chr5:51382751-51383709_ISM_run-44_target-10.88_1	1066	T	C
ISL1_chr5:51382751-51383709_ISM_run-44_target-10.88_1	1078	C	G
ISL1_chr5:51382751-51383709_ISM_run-44_target-10.88_1	1079	C	T
ISL1_chr5:51382751-51383709_ISM_run-44_target-10.88_1	1088	G	A
ISL1_chr5:51382751-51383709_ISM_run-44_target-10.88_1	1093	A	G
ISL1_chr5:51382751-51383709_ISM_run-44_target-10.88_1	1095	A	T
ISL1_chr5:51382751-51383709_ISM_run-44_target-10.88_1	1106	T	G
ISL1_chr5:51382751-51383709_ISM_run-44_target-10.88_1	1127	A	C
ISL1_chr5:51382751-51383709_ISM_run-44_target-10.88_1	1188	A	T
ISL1_chr5:51382751-51383709_ISM_run-45_target-10.88_1	925	A	G
ISL1_chr5:51382751-51383709_ISM_run-45_target-10.88_1	946	G	C
ISL1_chr5:51382751-51383709_ISM_run-45_target-10.88_1	956	T	G
ISL1_chr5:51382751-51383709_ISM_run-45_target-10.88_1	1010	A	T
ISL1_chr5:51382751-51383709_ISM_run-45_target-10.88_1	1011	A	C
ISL1_chr5:51382751-51383709_ISM_run-45_target-10.88_1	1022	C	G
ISL1_chr5:51382751-51383709_ISM_run-45_target-10.88_1	1047	C	G
ISL1_chr5:51382751-51383709_ISM_run-45_target-10.88_1	1078	C	G
ISL1_chr5:51382751-51383709_ISM_run-45_target-10.88_1	1079	C	T
ISL1_chr5:51382751-51383709_ISM_run-45_target-10.88_1	1093	A	G
ISL1_chr5:51382751-51383709_ISM_run-45_target-10.88_1	1109	A	C
ISL1_chr5:51382751-51383709_ISM_run-45_target-10.88_1	1112	T	C
ISL1_chr5:51382751-51383709_ISM_run-45_target-10.88_1	1134	A	C
ISL1_chr5:51382751-51383709_ISM_run-45_target-10.88_1	1137	A	C
ISL1_chr5:51382751-51383709_ISM_run-45_target-10.88_1	1145	A	C
ISL1_chr5:51382751-51383709_ISM_run-46_target-10.88_1	939	T	C
ISL1_chr5:51382751-51383709_ISM_run-46_target-10.88_1	956	T	G
ISL1_chr5:51382751-51383709_ISM_run-46_target-10.88_1	1000	G	T
ISL1_chr5:51382751-51383709_ISM_run-46_target-10.88_1	1011	A	G
ISL1_chr5:51382751-51383709_ISM_run-46_target-10.88_1	1043	C	T
ISL1_chr5:51382751-51383709_ISM_run-46_target-10.88_1	1078	C	G
ISL1_chr5:51382751-51383709_ISM_run-46_target-10.88_1	1080	C	A
ISL1_chr5:51382751-51383709_ISM_run-46_target-10.88_1	1093	A	G
ISL1_chr5:51382751-51383709_ISM_run-46_target-10.88_1	1103	C	G
ISL1_chr5:51382751-51383709_ISM_run-46_target-10.88_1	1109	A	C
ISL1_chr5:51382751-51383709_ISM_run-46_target-10.88_1	1122	C	G
ISL1_chr5:51382751-51383709_ISM_run-46_target-10.88_1	1123	A	C
ISL1_chr5:51382751-51383709_ISM_run-46_target-10.88_1	1134	A	C
ISL1_chr5:51382751-51383709_ISM_run-46_target-10.88_1	1137	A	C
ISL1_chr5:51382751-51383709_ISM_run-46_target-10.88_1	1188	A	T
ISL1_chr5:51382751-51383709_ISM_run-47_target-10.88_1	940	G	C
ISL1_chr5:51382751-51383709_ISM_run-47_target-10.88_1	1000	G	T
ISL1_chr5:51382751-51383709_ISM_run-47_target-10.88_1	1015	T	C
ISL1_chr5:51382751-51383709_ISM_run-47_target-10.88_1	1046	G	C
ISL1_chr5:51382751-51383709_ISM_run-47_target-10.88_1	1057	G	C
ISL1_chr5:51382751-51383709_ISM_run-47_target-10.88_1	1067	C	A
ISL1_chr5:51382751-51383709_ISM_run-47_target-10.88_1	1070	C	A
ISL1_chr5:51382751-51383709_ISM_run-47_target-10.88_1	1078	C	G
ISL1_chr5:51382751-51383709_ISM_run-47_target-10.88_1	1083	G	T
ISL1_chr5:51382751-51383709_ISM_run-47_target-10.88_1	1117	T	C
ISL1_chr5:51382751-51383709_ISM_run-47_target-10.88_1	1127	A	C
ISL1_chr5:51382751-51383709_ISM_run-47_target-10.88_1	1134	A	T
ISL1_chr5:51382751-51383709_ISM_run-47_target-10.88_1	1137	A	C
ISL1_chr5:51382751-51383709_ISM_run-47_target-10.88_1	1188	A	T
ISL1_chr5:51382751-51383709_ISM_run-48_target-10.88_1	938	T	G
ISL1_chr5:51382751-51383709_ISM_run-48_target-10.88_1	939	T	C
ISL1_chr5:51382751-51383709_ISM_run-48_target-10.88_1	956	T	C
ISL1_chr5:51382751-51383709_ISM_run-48_target-10.88_1	1007	C	G
ISL1_chr5:51382751-51383709_ISM_run-48_target-10.88_1	1011	A	C
ISL1_chr5:51382751-51383709_ISM_run-48_target-10.88_1	1046	G	C
ISL1_chr5:51382751-51383709_ISM_run-48_target-10.88_1	1070	C	A
ISL1_chr5:51382751-51383709_ISM_run-48_target-10.88_1	1078	C	G
ISL1_chr5:51382751-51383709_ISM_run-48_target-10.88_1	1095	A	T
ISL1_chr5:51382751-51383709_ISM_run-48_target-10.88_1	1127	A	C
ISL1_chr5:51382751-51383709_ISM_run-48_target-10.88_1	1128	A	C
ISL1_chr5:51382751-51383709_ISM_run-48_target-10.88_1	1134	A	C
ISL1_chr5:51382751-51383709_ISM_run-48_target-10.88_1	1176	T	C
ISL1_chr5:51382751-51383709_ISM_run-48_target-10.88_1	1184	C	G
ISL1_chr5:51382751-51383709_ISM_run-48_target-10.88_1	1188	A	C
ISL1_chr5:51382751-51383709_ISM_run-49_target-10.88_1	951	C	T
ISL1_chr5:51382751-51383709_ISM_run-49_target-10.88_1	959	T	G
ISL1_chr5:51382751-51383709_ISM_run-49_target-10.88_1	977	A	G
ISL1_chr5:51382751-51383709_ISM_run-49_target-10.88_1	1010	A	T
ISL1_chr5:51382751-51383709_ISM_run-49_target-10.88_1	1011	A	C
ISL1_chr5:51382751-51383709_ISM_run-49_target-10.88_1	1043	C	T
ISL1_chr5:51382751-51383709_ISM_run-49_target-10.88_1	1078	C	G
ISL1_chr5:51382751-51383709_ISM_run-49_target-10.88_1	1079	C	T
ISL1_chr5:51382751-51383709_ISM_run-49_target-10.88_1	1093	A	G
ISL1_chr5:51382751-51383709_ISM_run-49_target-10.88_1	1094	G	A
ISL1_chr5:51382751-51383709_ISM_run-49_target-10.88_1	1109	A	C
ISL1_chr5:51382751-51383709_ISM_run-49_target-10.88_1	1114	A	C
ISL1_chr5:51382751-51383709_ISM_run-49_target-10.88_1	1117	T	C
ISL1_chr5:51382751-51383709_ISM_run-49_target-10.88_1	1127	A	C
ISL1_chr5:51382751-51383709_ISM_run-49_target-10.88_1	1188	A	T
ISL1_chr5:51382751-51383709_ISM_run-50_target-10.88_1	951	C	T
ISL1_chr5:51382751-51383709_ISM_run-50_target-10.88_1	956	T	C
ISL1_chr5:51382751-51383709_ISM_run-50_target-10.88_1	1010	A	T
ISL1_chr5:51382751-51383709_ISM_run-50_target-10.88_1	1011	A	C
ISL1_chr5:51382751-51383709_ISM_run-50_target-10.88_1	1021	T	C
ISL1_chr5:51382751-51383709_ISM_run-50_target-10.88_1	1023	A	G
ISL1_chr5:51382751-51383709_ISM_run-50_target-10.88_1	1045	T	C
ISL1_chr5:51382751-51383709_ISM_run-50_target-10.88_1	1067	C	A
ISL1_chr5:51382751-51383709_ISM_run-50_target-10.88_1	1070	C	A
ISL1_chr5:51382751-51383709_ISM_run-50_target-10.88_1	1078	C	G
ISL1_chr5:51382751-51383709_ISM_run-50_target-10.88_1	1081	G	C
ISL1_chr5:51382751-51383709_ISM_run-50_target-10.88_1	1109	A	C
ISL1_chr5:51382751-51383709_ISM_run-50_target-10.88_1	1113	G	A
ISL1_chr5:51382751-51383709_ISM_run-50_target-10.88_1	1127	A	T
ISL1_chr5:51382751-51383709_ISM_run-50_target-10.88_1	1188	A	T
ISL1_chr5:51382751-51383709_ISM_run-51_target-10.88_1	939	T	C
ISL1_chr5:51382751-51383709_ISM_run-51_target-10.88_1	956	T	C
ISL1_chr5:51382751-51383709_ISM_run-51_target-10.88_1	1000	G	A
ISL1_chr5:51382751-51383709_ISM_run-51_target-10.88_1	1011	A	G
ISL1_chr5:51382751-51383709_ISM_run-51_target-10.88_1	1043	C	T
ISL1_chr5:51382751-51383709_ISM_run-51_target-10.88_1	1078	C	G
ISL1_chr5:51382751-51383709_ISM_run-51_target-10.88_1	1079	C	T
ISL1_chr5:51382751-51383709_ISM_run-51_target-10.88_1	1093	A	G
ISL1_chr5:51382751-51383709_ISM_run-51_target-10.88_1	1095	A	T
ISL1_chr5:51382751-51383709_ISM_run-51_target-10.88_1	1110	G	C
ISL1_chr5:51382751-51383709_ISM_run-51_target-10.88_1	1117	T	G
ISL1_chr5:51382751-51383709_ISM_run-51_target-10.88_1	1130	T	A
ISL1_chr5:51382751-51383709_ISM_run-51_target-10.88_1	1134	A	C
ISL1_chr5:51382751-51383709_ISM_run-51_target-10.88_1	1160	C	T
ISL1_chr5:51382751-51383709_ISM_run-52_target-10.88_1	924	G	T
ISL1_chr5:51382751-51383709_ISM_run-52_target-10.88_1	935	A	T
ISL1_chr5:51382751-51383709_ISM_run-52_target-10.88_1	944	C	A
ISL1_chr5:51382751-51383709_ISM_run-52_target-10.88_1	950	C	A
ISL1_chr5:51382751-51383709_ISM_run-52_target-10.88_1	956	T	C
ISL1_chr5:51382751-51383709_ISM_run-52_target-10.88_1	957	C	G
ISL1_chr5:51382751-51383709_ISM_run-52_target-10.88_1	1006	G	C
ISL1_chr5:51382751-51383709_ISM_run-52_target-10.88_1	1011	A	G
ISL1_chr5:51382751-51383709_ISM_run-52_target-10.88_1	1070	C	T
ISL1_chr5:51382751-51383709_ISM_run-52_target-10.88_1	1078	C	A
ISL1_chr5:51382751-51383709_ISM_run-52_target-10.88_1	1095	A	C
ISL1_chr5:51382751-51383709_ISM_run-52_target-10.88_1	1123	A	G
ISL1_chr5:51382751-51383709_ISM_run-52_target-10.88_1	1130	T	G
ISL1_chr5:51382751-51383709_ISM_run-52_target-10.88_1	1145	A	C
ISL1_chr5:51382751-51383709_ISM_run-52_target-10.88_1	1188	A	T
ISL1_chr5:51382751-51383709_ISM_run-53_target-10.88_1	946	G	C
ISL1_chr5:51382751-51383709_ISM_run-53_target-10.88_1	959	T	G
ISL1_chr5:51382751-51383709_ISM_run-53_target-10.88_1	1000	G	T
ISL1_chr5:51382751-51383709_ISM_run-53_target-10.88_1	1003	G	C
ISL1_chr5:51382751-51383709_ISM_run-53_target-10.88_1	1011	A	G
ISL1_chr5:51382751-51383709_ISM_run-53_target-10.88_1	1045	T	C
ISL1_chr5:51382751-51383709_ISM_run-53_target-10.88_1	1078	C	A
ISL1_chr5:51382751-51383709_ISM_run-53_target-10.88_1	1093	A	G
ISL1_chr5:51382751-51383709_ISM_run-53_target-10.88_1	1109	A	C
ISL1_chr5:51382751-51383709_ISM_run-53_target-10.88_1	1112	T	C
ISL1_chr5:51382751-51383709_ISM_run-53_target-10.88_1	1130	T	G
ISL1_chr5:51382751-51383709_ISM_run-53_target-10.88_1	1145	A	C
ISL1_chr5:51382751-51383709_ISM_run-53_target-10.88_1	1151	A	T
ISL1_chr5:51382751-51383709_ISM_run-53_target-10.88_1	1176	T	G
ISL1_chr5:51382751-51383709_ISM_run-53_target-10.88_1	1188	A	T
ISL1_chr5:51382751-51383709_ISM_run-54_target-10.88_1	939	T	C
ISL1_chr5:51382751-51383709_ISM_run-54_target-10.88_1	956	T	C
ISL1_chr5:51382751-51383709_ISM_run-54_target-10.88_1	1010	A	T
ISL1_chr5:51382751-51383709_ISM_run-54_target-10.88_1	1011	A	C
ISL1_chr5:51382751-51383709_ISM_run-54_target-10.88_1	1023	A	G
ISL1_chr5:51382751-51383709_ISM_run-54_target-10.88_1	1045	T	C
ISL1_chr5:51382751-51383709_ISM_run-54_target-10.88_1	1046	G	C
ISL1_chr5:51382751-51383709_ISM_run-54_target-10.88_1	1057	G	C
ISL1_chr5:51382751-51383709_ISM_run-54_target-10.88_1	1070	C	A
ISL1_chr5:51382751-51383709_ISM_run-54_target-10.88_1	1078	C	G
ISL1_chr5:51382751-51383709_ISM_run-54_target-10.88_1	1083	G	T
ISL1_chr5:51382751-51383709_ISM_run-54_target-10.88_1	1107	G	C
ISL1_chr5:51382751-51383709_ISM_run-54_target-10.88_1	1127	A	C
ISL1_chr5:51382751-51383709_ISM_run-54_target-10.88_1	1134	A	C
ISL1_chr5:51382751-51383709_ISM_run-54_target-10.88_1	1188	A	T
ISL1_chr5:51382751-51383709_ISM_run-55_target-10.88_1	925	A	C
ISL1_chr5:51382751-51383709_ISM_run-55_target-10.88_1	956	T	C
ISL1_chr5:51382751-51383709_ISM_run-55_target-10.88_1	985	G	C
ISL1_chr5:51382751-51383709_ISM_run-55_target-10.88_1	1010	A	T
ISL1_chr5:51382751-51383709_ISM_run-55_target-10.88_1	1011	A	C
ISL1_chr5:51382751-51383709_ISM_run-55_target-10.88_1	1043	C	G
ISL1_chr5:51382751-51383709_ISM_run-55_target-10.88_1	1070	C	A
ISL1_chr5:51382751-51383709_ISM_run-55_target-10.88_1	1078	C	G
ISL1_chr5:51382751-51383709_ISM_run-55_target-10.88_1	1105	A	G
ISL1_chr5:51382751-51383709_ISM_run-55_target-10.88_1	1113	G	T
ISL1_chr5:51382751-51383709_ISM_run-55_target-10.88_1	1132	T	C
ISL1_chr5:51382751-51383709_ISM_run-55_target-10.88_1	1137	A	T
ISL1_chr5:51382751-51383709_ISM_run-55_target-10.88_1	1140	A	C
ISL1_chr5:51382751-51383709_ISM_run-55_target-10.88_1	1176	T	C
ISL1_chr5:51382751-51383709_ISM_run-55_target-10.88_1	1188	A	T
ISL1_chr5:51382751-51383709_ISM_run-56_target-10.88_1	951	C	T
ISL1_chr5:51382751-51383709_ISM_run-56_target-10.88_1	956	T	C
ISL1_chr5:51382751-51383709_ISM_run-56_target-10.88_1	1010	A	T
ISL1_chr5:51382751-51383709_ISM_run-56_target-10.88_1	1011	A	C
ISL1_chr5:51382751-51383709_ISM_run-56_target-10.88_1	1022	C	G
ISL1_chr5:51382751-51383709_ISM_run-56_target-10.88_1	1047	C	G
ISL1_chr5:51382751-51383709_ISM_run-56_target-10.88_1	1078	C	G
ISL1_chr5:51382751-51383709_ISM_run-56_target-10.88_1	1079	C	T
ISL1_chr5:51382751-51383709_ISM_run-56_target-10.88_1	1093	A	C
ISL1_chr5:51382751-51383709_ISM_run-56_target-10.88_1	1120	A	C
ISL1_chr5:51382751-51383709_ISM_run-56_target-10.88_1	1130	T	A
ISL1_chr5:51382751-51383709_ISM_run-56_target-10.88_1	1134	A	C
ISL1_chr5:51382751-51383709_ISM_run-56_target-10.88_1	1163	G	C
ISL1_chr5:51382751-51383709_ISM_run-56_target-10.88_1	1188	A	T
ISL1_chr5:51382751-51383709_ISM_run-57_target-10.88_1	935	A	T
ISL1_chr5:51382751-51383709_ISM_run-57_target-10.88_1	946	G	C
ISL1_chr5:51382751-51383709_ISM_run-57_target-10.88_1	1001	G	C
ISL1_chr5:51382751-51383709_ISM_run-57_target-10.88_1	1011	A	G
ISL1_chr5:51382751-51383709_ISM_run-57_target-10.88_1	1017	A	T
ISL1_chr5:51382751-51383709_ISM_run-57_target-10.88_1	1043	C	T
ISL1_chr5:51382751-51383709_ISM_run-57_target-10.88_1	1078	C	A
ISL1_chr5:51382751-51383709_ISM_run-57_target-10.88_1	1134	A	C
ISL1_chr5:51382751-51383709_ISM_run-57_target-10.88_1	1137	A	C
ISL1_chr5:51382751-51383709_ISM_run-57_target-10.88_1	1144	A	C
ISL1_chr5:51382751-51383709_ISM_run-57_target-10.88_1	1145	A	C
ISL1_chr5:51382751-51383709_ISM_run-57_target-10.88_1	1151	A	T
ISL1_chr5:51382751-51383709_ISM_run-57_target-10.88_1	1152	G	T
ISL1_chr5:51382751-51383709_ISM_run-57_target-10.88_1	1158	C	G
ISL1_chr5:51382751-51383709_ISM_run-57_target-10.88_1	1188	A	T
ISL1_chr5:51382751-51383709_ISM_run-58_target-10.88_1	933	G	C
ISL1_chr5:51382751-51383709_ISM_run-58_target-10.88_1	935	A	G
ISL1_chr5:51382751-51383709_ISM_run-58_target-10.88_1	941	C	T
ISL1_chr5:51382751-51383709_ISM_run-58_target-10.88_1	946	G	C
ISL1_chr5:51382751-51383709_ISM_run-58_target-10.88_1	1001	G	T
ISL1_chr5:51382751-51383709_ISM_run-58_target-10.88_1	1015	T	C
ISL1_chr5:51382751-51383709_ISM_run-58_target-10.88_1	1017	A	C
ISL1_chr5:51382751-51383709_ISM_run-58_target-10.88_1	1018	T	C
ISL1_chr5:51382751-51383709_ISM_run-58_target-10.88_1	1078	C	G
ISL1_chr5:51382751-51383709_ISM_run-58_target-10.88_1	1079	C	T
ISL1_chr5:51382751-51383709_ISM_run-58_target-10.88_1	1093	A	G
ISL1_chr5:51382751-51383709_ISM_run-58_target-10.88_1	1109	A	C
ISL1_chr5:51382751-51383709_ISM_run-58_target-10.88_1	1127	A	T
ISL1_chr5:51382751-51383709_ISM_run-58_target-10.88_1	1128	A	C
ISL1_chr5:51382751-51383709_ISM_run-58_target-10.88_1	1188	A	T
ISL1_chr5:51382751-51383709_ISM_run-59_target-10.88_1	924	G	T
ISL1_chr5:51382751-51383709_ISM_run-59_target-10.88_1	936	A	G
ISL1_chr5:51382751-51383709_ISM_run-59_target-10.88_1	943	T	A
ISL1_chr5:51382751-51383709_ISM_run-59_target-10.88_1	959	T	G
ISL1_chr5:51382751-51383709_ISM_run-59_target-10.88_1	964	C	A
ISL1_chr5:51382751-51383709_ISM_run-59_target-10.88_1	1010	A	T
ISL1_chr5:51382751-51383709_ISM_run-59_target-10.88_1	1011	A	C
ISL1_chr5:51382751-51383709_ISM_run-59_target-10.88_1	1078	C	A
ISL1_chr5:51382751-51383709_ISM_run-59_target-10.88_1	1079	C	A
ISL1_chr5:51382751-51383709_ISM_run-59_target-10.88_1	1083	G	C
ISL1_chr5:51382751-51383709_ISM_run-59_target-10.88_1	1093	A	G
ISL1_chr5:51382751-51383709_ISM_run-59_target-10.88_1	1109	A	C
ISL1_chr5:51382751-51383709_ISM_run-59_target-10.88_1	1130	T	C
ISL1_chr5:51382751-51383709_ISM_run-59_target-10.88_1	1134	A	C
ISL1_chr5:51382751-51383709_ISM_run-59_target-10.88_1	1145	A	C
ISL1_chr5:51382751-51383709_ISM_run-60_target-10.88_1	954	A	G
ISL1_chr5:51382751-51383709_ISM_run-60_target-10.88_1	956	T	C
ISL1_chr5:51382751-51383709_ISM_run-60_target-10.88_1	1010	A	T
ISL1_chr5:51382751-51383709_ISM_run-60_target-10.88_1	1011	A	C
ISL1_chr5:51382751-51383709_ISM_run-60_target-10.88_1	1022	C	G
ISL1_chr5:51382751-51383709_ISM_run-60_target-10.88_1	1046	G	C
ISL1_chr5:51382751-51383709_ISM_run-60_target-10.88_1	1078	C	A
ISL1_chr5:51382751-51383709_ISM_run-60_target-10.88_1	1079	C	A
ISL1_chr5:51382751-51383709_ISM_run-60_target-10.88_1	1083	G	C
ISL1_chr5:51382751-51383709_ISM_run-60_target-10.88_1	1085	G	T
ISL1_chr5:51382751-51383709_ISM_run-60_target-10.88_1	1093	A	G
ISL1_chr5:51382751-51383709_ISM_run-60_target-10.88_1	1109	A	C
ISL1_chr5:51382751-51383709_ISM_run-60_target-10.88_1	1117	T	G
ISL1_chr5:51382751-51383709_ISM_run-60_target-10.88_1	1131	T	C
ISL1_chr5:51382751-51383709_ISM_run-60_target-10.88_1	1140	A	C
ISL1_chr5:51382751-51383709_ISM_run-61_target-10.88_1	951	C	T
ISL1_chr5:51382751-51383709_ISM_run-61_target-10.88_1	956	T	C
ISL1_chr5:51382751-51383709_ISM_run-61_target-10.88_1	1010	A	T
ISL1_chr5:51382751-51383709_ISM_run-61_target-10.88_1	1011	A	C
ISL1_chr5:51382751-51383709_ISM_run-61_target-10.88_1	1046	G	C
ISL1_chr5:51382751-51383709_ISM_run-61_target-10.88_1	1078	C	G
ISL1_chr5:51382751-51383709_ISM_run-61_target-10.88_1	1079	C	T
ISL1_chr5:51382751-51383709_ISM_run-61_target-10.88_1	1091	T	A
ISL1_chr5:51382751-51383709_ISM_run-61_target-10.88_1	1093	A	C
ISL1_chr5:51382751-51383709_ISM_run-61_target-10.88_1	1109	A	C
ISL1_chr5:51382751-51383709_ISM_run-61_target-10.88_1	1114	A	G
ISL1_chr5:51382751-51383709_ISM_run-61_target-10.88_1	1127	A	C
ISL1_chr5:51382751-51383709_ISM_run-61_target-10.88_1	1130	T	A
ISL1_chr5:51382751-51383709_ISM_run-61_target-10.88_1	1148	A	C
ISL1_chr5:51382751-51383709_ISM_run-61_target-10.88_1	1188	A	T
ISL1_chr5:51382751-51383709_ISM_run-62_target-10.88_1	956	T	C
ISL1_chr5:51382751-51383709_ISM_run-62_target-10.88_1	984	A	T
ISL1_chr5:51382751-51383709_ISM_run-62_target-10.88_1	1000	G	C
ISL1_chr5:51382751-51383709_ISM_run-62_target-10.88_1	1011	A	G
ISL1_chr5:51382751-51383709_ISM_run-62_target-10.88_1	1045	T	C
ISL1_chr5:51382751-51383709_ISM_run-62_target-10.88_1	1063	C	T
ISL1_chr5:51382751-51383709_ISM_run-62_target-10.88_1	1078	C	A
ISL1_chr5:51382751-51383709_ISM_run-62_target-10.88_1	1093	A	G
ISL1_chr5:51382751-51383709_ISM_run-62_target-10.88_1	1109	A	C
ISL1_chr5:51382751-51383709_ISM_run-62_target-10.88_1	1123	A	C
ISL1_chr5:51382751-51383709_ISM_run-62_target-10.88_1	1126	G	C
ISL1_chr5:51382751-51383709_ISM_run-62_target-10.88_1	1130	T	A
ISL1_chr5:51382751-51383709_ISM_run-62_target-10.88_1	1134	A	C
ISL1_chr5:51382751-51383709_ISM_run-62_target-10.88_1	1156	T	C
ISL1_chr5:51382751-51383709_ISM_run-62_target-10.88_1	1188	A	T
ISL1_chr5:51382751-51383709_ISM_run-63_target-10.88_1	946	G	C
ISL1_chr5:51382751-51383709_ISM_run-63_target-10.88_1	951	C	T
ISL1_chr5:51382751-51383709_ISM_run-63_target-10.88_1	959	T	G
ISL1_chr5:51382751-51383709_ISM_run-63_target-10.88_1	1010	A	T
ISL1_chr5:51382751-51383709_ISM_run-63_target-10.88_1	1011	A	C
ISL1_chr5:51382751-51383709_ISM_run-63_target-10.88_1	1021	T	C
ISL1_chr5:51382751-51383709_ISM_run-63_target-10.88_1	1043	C	T
ISL1_chr5:51382751-51383709_ISM_run-63_target-10.88_1	1078	C	G
ISL1_chr5:51382751-51383709_ISM_run-63_target-10.88_1	1079	C	T
ISL1_chr5:51382751-51383709_ISM_run-63_target-10.88_1	1093	A	G
ISL1_chr5:51382751-51383709_ISM_run-63_target-10.88_1	1130	T	A
ISL1_chr5:51382751-51383709_ISM_run-63_target-10.88_1	1134	A	C
ISL1_chr5:51382751-51383709_ISM_run-63_target-10.88_1	1156	T	G
ISL1_chr5:51382751-51383709_ISM_run-63_target-10.88_1	1188	A	T
ISL1_chr5:51382751-51383709_ISM_run-64_target-10.88_1	943	T	C
ISL1_chr5:51382751-51383709_ISM_run-64_target-10.88_1	959	T	G
ISL1_chr5:51382751-51383709_ISM_run-64_target-10.88_1	1010	A	T
ISL1_chr5:51382751-51383709_ISM_run-64_target-10.88_1	1011	A	C
ISL1_chr5:51382751-51383709_ISM_run-64_target-10.88_1	1022	C	G
ISL1_chr5:51382751-51383709_ISM_run-64_target-10.88_1	1047	C	G
ISL1_chr5:51382751-51383709_ISM_run-64_target-10.88_1	1070	C	A
ISL1_chr5:51382751-51383709_ISM_run-64_target-10.88_1	1078	C	G
ISL1_chr5:51382751-51383709_ISM_run-64_target-10.88_1	1081	G	C
ISL1_chr5:51382751-51383709_ISM_run-64_target-10.88_1	1095	A	G
ISL1_chr5:51382751-51383709_ISM_run-64_target-10.88_1	1107	G	C
ISL1_chr5:51382751-51383709_ISM_run-64_target-10.88_1	1130	T	A
ISL1_chr5:51382751-51383709_ISM_run-64_target-10.88_1	1134	A	C
ISL1_chr5:51382751-51383709_ISM_run-64_target-10.88_1	1145	A	G
ISL1_chr5:51382751-51383709_ISM_run-64_target-10.88_1	1157	G	T
ISL1_chr5:51382751-51383709_ISM_run-65_target-10.88_1	984	A	T
ISL1_chr5:51382751-51383709_ISM_run-65_target-10.88_1	1000	G	A
ISL1_chr5:51382751-51383709_ISM_run-65_target-10.88_1	1003	G	T
ISL1_chr5:51382751-51383709_ISM_run-65_target-10.88_1	1011	A	G
ISL1_chr5:51382751-51383709_ISM_run-65_target-10.88_1	1017	A	T
ISL1_chr5:51382751-51383709_ISM_run-65_target-10.88_1	1047	C	G
ISL1_chr5:51382751-51383709_ISM_run-65_target-10.88_1	1078	C	G
ISL1_chr5:51382751-51383709_ISM_run-65_target-10.88_1	1079	C	T
ISL1_chr5:51382751-51383709_ISM_run-65_target-10.88_1	1093	A	G
ISL1_chr5:51382751-51383709_ISM_run-65_target-10.88_1	1103	C	G
ISL1_chr5:51382751-51383709_ISM_run-65_target-10.88_1	1109	A	C
ISL1_chr5:51382751-51383709_ISM_run-65_target-10.88_1	1113	G	T
ISL1_chr5:51382751-51383709_ISM_run-65_target-10.88_1	1125	A	C
ISL1_chr5:51382751-51383709_ISM_run-65_target-10.88_1	1127	A	T
ISL1_chr5:51382751-51383709_ISM_run-65_target-10.88_1	1182	C	G
ISL1_chr5:51382751-51383709_ISM_run-66_target-10.88_1	939	T	C
ISL1_chr5:51382751-51383709_ISM_run-66_target-10.88_1	956	T	C
ISL1_chr5:51382751-51383709_ISM_run-66_target-10.88_1	1000	G	A
ISL1_chr5:51382751-51383709_ISM_run-66_target-10.88_1	1011	A	C
ISL1_chr5:51382751-51383709_ISM_run-66_target-10.88_1	1022	C	G
ISL1_chr5:51382751-51383709_ISM_run-66_target-10.88_1	1047	C	G
ISL1_chr5:51382751-51383709_ISM_run-66_target-10.88_1	1070	C	A
ISL1_chr5:51382751-51383709_ISM_run-66_target-10.88_1	1078	C	G
ISL1_chr5:51382751-51383709_ISM_run-66_target-10.88_1	1081	G	C
ISL1_chr5:51382751-51383709_ISM_run-66_target-10.88_1	1093	A	C
ISL1_chr5:51382751-51383709_ISM_run-66_target-10.88_1	1121	G	C
ISL1_chr5:51382751-51383709_ISM_run-66_target-10.88_1	1123	A	G
ISL1_chr5:51382751-51383709_ISM_run-66_target-10.88_1	1130	T	A
ISL1_chr5:51382751-51383709_ISM_run-66_target-10.88_1	1134	A	C
ISL1_chr5:51382751-51383709_ISM_run-66_target-10.88_1	1160	C	T
ISL1_chr5:51382751-51383709_ISM_run-67_target-10.88_1	935	A	G
ISL1_chr5:51382751-51383709_ISM_run-67_target-10.88_1	955	A	C
ISL1_chr5:51382751-51383709_ISM_run-67_target-10.88_1	986	T	C
ISL1_chr5:51382751-51383709_ISM_run-67_target-10.88_1	987	G	T
ISL1_chr5:51382751-51383709_ISM_run-67_target-10.88_1	1010	A	T
ISL1_chr5:51382751-51383709_ISM_run-67_target-10.88_1	1011	A	C
ISL1_chr5:51382751-51383709_ISM_run-67_target-10.88_1	1045	T	A
ISL1_chr5:51382751-51383709_ISM_run-67_target-10.88_1	1046	G	C
ISL1_chr5:51382751-51383709_ISM_run-67_target-10.88_1	1078	C	A
ISL1_chr5:51382751-51383709_ISM_run-67_target-10.88_1	1079	C	A
ISL1_chr5:51382751-51383709_ISM_run-67_target-10.88_1	1102	G	C
ISL1_chr5:51382751-51383709_ISM_run-67_target-10.88_1	1109	A	C
ISL1_chr5:51382751-51383709_ISM_run-67_target-10.88_1	1116	T	C
ISL1_chr5:51382751-51383709_ISM_run-67_target-10.88_1	1127	A	C
ISL1_chr5:51382751-51383709_ISM_run-67_target-10.88_1	1188	A	T
ISL1_chr5:51382751-51383709_ISM_run-68_target-10.88_1	939	T	C
ISL1_chr5:51382751-51383709_ISM_run-68_target-10.88_1	956	T	C
ISL1_chr5:51382751-51383709_ISM_run-68_target-10.88_1	1010	A	T
ISL1_chr5:51382751-51383709_ISM_run-68_target-10.88_1	1011	A	C
ISL1_chr5:51382751-51383709_ISM_run-68_target-10.88_1	1046	G	C
ISL1_chr5:51382751-51383709_ISM_run-68_target-10.88_1	1079	C	T
ISL1_chr5:51382751-51383709_ISM_run-68_target-10.88_1	1093	A	G
ISL1_chr5:51382751-51383709_ISM_run-68_target-10.88_1	1102	G	C
ISL1_chr5:51382751-51383709_ISM_run-68_target-10.88_1	1116	T	G
ISL1_chr5:51382751-51383709_ISM_run-68_target-10.88_1	1123	A	G
ISL1_chr5:51382751-51383709_ISM_run-68_target-10.88_1	1127	A	C
ISL1_chr5:51382751-51383709_ISM_run-68_target-10.88_1	1130	T	A
ISL1_chr5:51382751-51383709_ISM_run-68_target-10.88_1	1134	A	C
ISL1_chr5:51382751-51383709_ISM_run-68_target-10.88_1	1188	A	T
ISL1_chr5:51382751-51383709_ISM_run-69_target-10.88_1	946	G	C
ISL1_chr5:51382751-51383709_ISM_run-69_target-10.88_1	952	C	T
ISL1_chr5:51382751-51383709_ISM_run-69_target-10.88_1	956	T	C
ISL1_chr5:51382751-51383709_ISM_run-69_target-10.88_1	1003	G	C
ISL1_chr5:51382751-51383709_ISM_run-69_target-10.88_1	1010	A	C
ISL1_chr5:51382751-51383709_ISM_run-69_target-10.88_1	1011	A	G
ISL1_chr5:51382751-51383709_ISM_run-69_target-10.88_1	1015	T	C
ISL1_chr5:51382751-51383709_ISM_run-69_target-10.88_1	1046	G	C
ISL1_chr5:51382751-51383709_ISM_run-69_target-10.88_1	1079	C	T
ISL1_chr5:51382751-51383709_ISM_run-69_target-10.88_1	1093	A	G
ISL1_chr5:51382751-51383709_ISM_run-69_target-10.88_1	1110	G	C
ISL1_chr5:51382751-51383709_ISM_run-69_target-10.88_1	1117	T	G
ISL1_chr5:51382751-51383709_ISM_run-69_target-10.88_1	1130	T	A
ISL1_chr5:51382751-51383709_ISM_run-69_target-10.88_1	1134	A	C
ISL1_chr5:51382751-51383709_ISM_run-69_target-10.88_1	1163	G	C
ISL1_chr5:51382751-51383709_ISM_run-70_target-10.88_1	951	C	G
ISL1_chr5:51382751-51383709_ISM_run-70_target-10.88_1	956	T	C
ISL1_chr5:51382751-51383709_ISM_run-70_target-10.88_1	1007	C	A
ISL1_chr5:51382751-51383709_ISM_run-70_target-10.88_1	1011	A	C
ISL1_chr5:51382751-51383709_ISM_run-70_target-10.88_1	1028	A	G
ISL1_chr5:51382751-51383709_ISM_run-70_target-10.88_1	1045	T	A
ISL1_chr5:51382751-51383709_ISM_run-70_target-10.88_1	1046	G	C
ISL1_chr5:51382751-51383709_ISM_run-70_target-10.88_1	1070	C	A
ISL1_chr5:51382751-51383709_ISM_run-70_target-10.88_1	1077	C	A
ISL1_chr5:51382751-51383709_ISM_run-70_target-10.88_1	1083	G	T
ISL1_chr5:51382751-51383709_ISM_run-70_target-10.88_1	1093	A	G
ISL1_chr5:51382751-51383709_ISM_run-70_target-10.88_1	1109	A	C
ISL1_chr5:51382751-51383709_ISM_run-70_target-10.88_1	1123	A	G
ISL1_chr5:51382751-51383709_ISM_run-70_target-10.88_1	1127	A	C
ISL1_chr5:51382751-51383709_ISM_run-70_target-10.88_1	1188	A	T
ISL1_chr5:51382751-51383709_ISM_run-71_target-10.88_1	935	A	G
ISL1_chr5:51382751-51383709_ISM_run-71_target-10.88_1	946	G	C
ISL1_chr5:51382751-51383709_ISM_run-71_target-10.88_1	959	T	G
ISL1_chr5:51382751-51383709_ISM_run-71_target-10.88_1	1000	G	A
ISL1_chr5:51382751-51383709_ISM_run-71_target-10.88_1	1011	A	G
ISL1_chr5:51382751-51383709_ISM_run-71_target-10.88_1	1043	C	T
ISL1_chr5:51382751-51383709_ISM_run-71_target-10.88_1	1070	C	A
ISL1_chr5:51382751-51383709_ISM_run-71_target-10.88_1	1078	C	G
ISL1_chr5:51382751-51383709_ISM_run-71_target-10.88_1	1114	A	C
ISL1_chr5:51382751-51383709_ISM_run-71_target-10.88_1	1115	G	A
ISL1_chr5:51382751-51383709_ISM_run-71_target-10.88_1	1125	A	C
ISL1_chr5:51382751-51383709_ISM_run-71_target-10.88_1	1137	A	T
ISL1_chr5:51382751-51383709_ISM_run-71_target-10.88_1	1138	A	C
ISL1_chr5:51382751-51383709_ISM_run-71_target-10.88_1	1140	A	C
ISL1_chr5:51382751-51383709_ISM_run-71_target-10.88_1	1145	A	C
ISL1_chr5:51382751-51383709_ISM_run-72_target-10.88_1	941	C	T
ISL1_chr5:51382751-51383709_ISM_run-72_target-10.88_1	946	G	C
ISL1_chr5:51382751-51383709_ISM_run-72_target-10.88_1	956	T	G
ISL1_chr5:51382751-51383709_ISM_run-72_target-10.88_1	1000	G	A
ISL1_chr5:51382751-51383709_ISM_run-72_target-10.88_1	1008	T	G
ISL1_chr5:51382751-51383709_ISM_run-72_target-10.88_1	1043	C	T
ISL1_chr5:51382751-51383709_ISM_run-72_target-10.88_1	1078	C	G
ISL1_chr5:51382751-51383709_ISM_run-72_target-10.88_1	1080	C	A
ISL1_chr5:51382751-51383709_ISM_run-72_target-10.88_1	1093	A	G
ISL1_chr5:51382751-51383709_ISM_run-72_target-10.88_1	1109	A	C
ISL1_chr5:51382751-51383709_ISM_run-72_target-10.88_1	1120	A	G
ISL1_chr5:51382751-51383709_ISM_run-72_target-10.88_1	1123	A	G
ISL1_chr5:51382751-51383709_ISM_run-72_target-10.88_1	1128	A	G
ISL1_chr5:51382751-51383709_ISM_run-72_target-10.88_1	1176	T	G
ISL1_chr5:51382751-51383709_ISM_run-72_target-10.88_1	1188	A	T
ISL1_chr5:51382751-51383709_ISM_run-73_target-10.88_1	925	A	G
ISL1_chr5:51382751-51383709_ISM_run-73_target-10.88_1	946	G	C
ISL1_chr5:51382751-51383709_ISM_run-73_target-10.88_1	959	T	G
ISL1_chr5:51382751-51383709_ISM_run-73_target-10.88_1	1000	G	A
ISL1_chr5:51382751-51383709_ISM_run-73_target-10.88_1	1003	G	T
ISL1_chr5:51382751-51383709_ISM_run-73_target-10.88_1	1011	A	T
ISL1_chr5:51382751-51383709_ISM_run-73_target-10.88_1	1070	C	A
ISL1_chr5:51382751-51383709_ISM_run-73_target-10.88_1	1078	C	G
ISL1_chr5:51382751-51383709_ISM_run-73_target-10.88_1	1127	A	G
ISL1_chr5:51382751-51383709_ISM_run-73_target-10.88_1	1132	T	A
ISL1_chr5:51382751-51383709_ISM_run-73_target-10.88_1	1140	A	C
ISL1_chr5:51382751-51383709_ISM_run-73_target-10.88_1	1176	T	G
ISL1_chr5:51382751-51383709_ISM_run-73_target-10.88_1	1188	A	T
ISL1_chr5:51382751-51383709_ISM_run-74_target-10.88_1	954	A	G
ISL1_chr5:51382751-51383709_ISM_run-74_target-10.88_1	956	T	C
ISL1_chr5:51382751-51383709_ISM_run-74_target-10.88_1	1010	A	T
ISL1_chr5:51382751-51383709_ISM_run-74_target-10.88_1	1011	A	C
ISL1_chr5:51382751-51383709_ISM_run-74_target-10.88_1	1022	C	G
ISL1_chr5:51382751-51383709_ISM_run-74_target-10.88_1	1047	C	G
ISL1_chr5:51382751-51383709_ISM_run-74_target-10.88_1	1078	C	G
ISL1_chr5:51382751-51383709_ISM_run-74_target-10.88_1	1079	C	T
ISL1_chr5:51382751-51383709_ISM_run-74_target-10.88_1	1093	A	G
ISL1_chr5:51382751-51383709_ISM_run-74_target-10.88_1	1117	T	G
ISL1_chr5:51382751-51383709_ISM_run-74_target-10.88_1	1130	T	A
ISL1_chr5:51382751-51383709_ISM_run-74_target-10.88_1	1134	A	C
ISL1_chr5:51382751-51383709_ISM_run-74_target-10.88_1	1156	T	G
ISL1_chr5:51382751-51383709_ISM_run-74_target-10.88_1	1167	C	A
ISL1_chr5:51382751-51383709_ISM_run-74_target-10.88_1	1188	A	T
ISL1_chr5:51382751-51383709_ISM_run-75_target-10.88_1	946	G	C
ISL1_chr5:51382751-51383709_ISM_run-75_target-10.88_1	959	T	G
ISL1_chr5:51382751-51383709_ISM_run-75_target-10.88_1	1000	G	T
ISL1_chr5:51382751-51383709_ISM_run-75_target-10.88_1	1003	G	T
ISL1_chr5:51382751-51383709_ISM_run-75_target-10.88_1	1011	A	G
ISL1_chr5:51382751-51383709_ISM_run-75_target-10.88_1	1017	A	C
ISL1_chr5:51382751-51383709_ISM_run-75_target-10.88_1	1018	T	C
ISL1_chr5:51382751-51383709_ISM_run-75_target-10.88_1	1046	G	T
ISL1_chr5:51382751-51383709_ISM_run-75_target-10.88_1	1078	C	A
ISL1_chr5:51382751-51383709_ISM_run-75_target-10.88_1	1093	A	G
ISL1_chr5:51382751-51383709_ISM_run-75_target-10.88_1	1109	A	C
ISL1_chr5:51382751-51383709_ISM_run-75_target-10.88_1	1127	A	C
ISL1_chr5:51382751-51383709_ISM_run-75_target-10.88_1	1158	C	G
ISL1_chr5:51382751-51383709_ISM_run-75_target-10.88_1	1162	A	C
ISL1_chr5:51382751-51383709_ISM_run-75_target-10.88_1	1188	A	T
ISL1_chr5:51382751-51383709_ISM_run-76_target-10.88_1	951	C	G
ISL1_chr5:51382751-51383709_ISM_run-76_target-10.88_1	956	T	C
ISL1_chr5:51382751-51383709_ISM_run-76_target-10.88_1	1000	G	A
ISL1_chr5:51382751-51383709_ISM_run-76_target-10.88_1	1003	G	T
ISL1_chr5:51382751-51383709_ISM_run-76_target-10.88_1	1012	A	G
ISL1_chr5:51382751-51383709_ISM_run-76_target-10.88_1	1017	A	C
ISL1_chr5:51382751-51383709_ISM_run-76_target-10.88_1	1046	G	C
ISL1_chr5:51382751-51383709_ISM_run-76_target-10.88_1	1066	T	C
ISL1_chr5:51382751-51383709_ISM_run-76_target-10.88_1	1078	C	G
ISL1_chr5:51382751-51383709_ISM_run-76_target-10.88_1	1095	A	C
ISL1_chr5:51382751-51383709_ISM_run-76_target-10.88_1	1130	T	A
ISL1_chr5:51382751-51383709_ISM_run-76_target-10.88_1	1134	A	C
ISL1_chr5:51382751-51383709_ISM_run-76_target-10.88_1	1156	T	G
ISL1_chr5:51382751-51383709_ISM_run-76_target-10.88_1	1160	C	T
ISL1_chr5:51382751-51383709_ISM_run-76_target-10.88_1	1188	A	T
ISL1_chr5:51382751-51383709_ISM_run-77_target-10.88_1	946	G	C
ISL1_chr5:51382751-51383709_ISM_run-77_target-10.88_1	959	T	G
ISL1_chr5:51382751-51383709_ISM_run-77_target-10.88_1	999	C	T
ISL1_chr5:51382751-51383709_ISM_run-77_target-10.88_1	1000	G	A
ISL1_chr5:51382751-51383709_ISM_run-77_target-10.88_1	1003	G	T
ISL1_chr5:51382751-51383709_ISM_run-77_target-10.88_1	1011	A	G
ISL1_chr5:51382751-51383709_ISM_run-77_target-10.88_1	1012	A	C
ISL1_chr5:51382751-51383709_ISM_run-77_target-10.88_1	1043	C	T
ISL1_chr5:51382751-51383709_ISM_run-77_target-10.88_1	1078	C	G
ISL1_chr5:51382751-51383709_ISM_run-77_target-10.88_1	1079	C	T
ISL1_chr5:51382751-51383709_ISM_run-77_target-10.88_1	1093	A	G
ISL1_chr5:51382751-51383709_ISM_run-77_target-10.88_1	1120	A	C
ISL1_chr5:51382751-51383709_ISM_run-77_target-10.88_1	1130	T	A
ISL1_chr5:51382751-51383709_ISM_run-77_target-10.88_1	1134	A	C
ISL1_chr5:51382751-51383709_ISM_run-77_target-10.88_1	1188	A	T
ISL1_chr5:51382751-51383709_ISM_run-78_target-10.88_1	946	G	C
ISL1_chr5:51382751-51383709_ISM_run-78_target-10.88_1	951	C	T
ISL1_chr5:51382751-51383709_ISM_run-78_target-10.88_1	959	T	G
ISL1_chr5:51382751-51383709_ISM_run-78_target-10.88_1	1011	A	C
ISL1_chr5:51382751-51383709_ISM_run-78_target-10.88_1	1045	T	C
ISL1_chr5:51382751-51383709_ISM_run-78_target-10.88_1	1046	G	C
ISL1_chr5:51382751-51383709_ISM_run-78_target-10.88_1	1078	C	G
ISL1_chr5:51382751-51383709_ISM_run-78_target-10.88_1	1079	C	T
ISL1_chr5:51382751-51383709_ISM_run-78_target-10.88_1	1093	A	C
ISL1_chr5:51382751-51383709_ISM_run-78_target-10.88_1	1095	A	T
ISL1_chr5:51382751-51383709_ISM_run-78_target-10.88_1	1113	G	T
ISL1_chr5:51382751-51383709_ISM_run-78_target-10.88_1	1127	A	T
ISL1_chr5:51382751-51383709_ISM_run-78_target-10.88_1	1128	A	C
ISL1_chr5:51382751-51383709_ISM_run-78_target-10.88_1	1134	A	C
ISL1_chr5:51382751-51383709_ISM_run-78_target-10.88_1	1188	A	T
ISL1_chr5:51382751-51383709_ISM_run-79_target-10.88_1	939	T	C
ISL1_chr5:51382751-51383709_ISM_run-79_target-10.88_1	956	T	C
ISL1_chr5:51382751-51383709_ISM_run-79_target-10.88_1	1000	G	A
ISL1_chr5:51382751-51383709_ISM_run-79_target-10.88_1	1008	T	G
ISL1_chr5:51382751-51383709_ISM_run-79_target-10.88_1	1043	C	T
ISL1_chr5:51382751-51383709_ISM_run-79_target-10.88_1	1070	C	A
ISL1_chr5:51382751-51383709_ISM_run-79_target-10.88_1	1077	C	G
ISL1_chr5:51382751-51383709_ISM_run-79_target-10.88_1	1085	G	T
ISL1_chr5:51382751-51383709_ISM_run-79_target-10.88_1	1095	A	G
ISL1_chr5:51382751-51383709_ISM_run-79_target-10.88_1	1109	A	G
ISL1_chr5:51382751-51383709_ISM_run-79_target-10.88_1	1113	G	T
ISL1_chr5:51382751-51383709_ISM_run-79_target-10.88_1	1130	T	A
ISL1_chr5:51382751-51383709_ISM_run-79_target-10.88_1	1134	A	C
ISL1_chr5:51382751-51383709_ISM_run-79_target-10.88_1	1188	A	T
ISL1_chr5:51382751-51383709_ISM_run-80_target-10.88_1	939	T	C
ISL1_chr5:51382751-51383709_ISM_run-80_target-10.88_1	956	T	C
ISL1_chr5:51382751-51383709_ISM_run-80_target-10.88_1	1003	G	T
ISL1_chr5:51382751-51383709_ISM_run-80_target-10.88_1	1010	A	G
ISL1_chr5:51382751-51383709_ISM_run-80_target-10.88_1	1012	A	G
ISL1_chr5:51382751-51383709_ISM_run-80_target-10.88_1	1043	C	T
ISL1_chr5:51382751-51383709_ISM_run-80_target-10.88_1	1070	C	A
ISL1_chr5:51382751-51383709_ISM_run-80_target-10.88_1	1078	C	G
ISL1_chr5:51382751-51383709_ISM_run-80_target-10.88_1	1081	G	C
ISL1_chr5:51382751-51383709_ISM_run-80_target-10.88_1	1107	G	C
ISL1_chr5:51382751-51383709_ISM_run-80_target-10.88_1	1117	T	G
ISL1_chr5:51382751-51383709_ISM_run-80_target-10.88_1	1130	T	A
ISL1_chr5:51382751-51383709_ISM_run-80_target-10.88_1	1134	A	C
ISL1_chr5:51382751-51383709_ISM_run-80_target-10.88_1	1156	T	G
ISL1_chr5:51382751-51383709_ISM_run-80_target-10.88_1	1188	A	T
ISL1_chr5:51382751-51383709_ISM_run-81_target-10.88_1	939	T	C
ISL1_chr5:51382751-51383709_ISM_run-81_target-10.88_1	956	T	C
ISL1_chr5:51382751-51383709_ISM_run-81_target-10.88_1	1010	A	T
ISL1_chr5:51382751-51383709_ISM_run-81_target-10.88_1	1011	A	C
ISL1_chr5:51382751-51383709_ISM_run-81_target-10.88_1	1047	C	G
ISL1_chr5:51382751-51383709_ISM_run-81_target-10.88_1	1068	G	T
ISL1_chr5:51382751-51383709_ISM_run-81_target-10.88_1	1078	C	A
ISL1_chr5:51382751-51383709_ISM_run-81_target-10.88_1	1079	C	A
ISL1_chr5:51382751-51383709_ISM_run-81_target-10.88_1	1093	A	C
ISL1_chr5:51382751-51383709_ISM_run-81_target-10.88_1	1105	A	G
ISL1_chr5:51382751-51383709_ISM_run-81_target-10.88_1	1109	A	C
ISL1_chr5:51382751-51383709_ISM_run-81_target-10.88_1	1120	A	C
ISL1_chr5:51382751-51383709_ISM_run-81_target-10.88_1	1130	T	A
ISL1_chr5:51382751-51383709_ISM_run-81_target-10.88_1	1134	A	C
ISL1_chr5:51382751-51383709_ISM_run-81_target-10.88_1	1188	A	T
ISL1_chr5:51382751-51383709_ISM_run-82_target-10.88_1	939	T	C
ISL1_chr5:51382751-51383709_ISM_run-82_target-10.88_1	956	T	C
ISL1_chr5:51382751-51383709_ISM_run-82_target-10.88_1	1000	G	T
ISL1_chr5:51382751-51383709_ISM_run-82_target-10.88_1	1011	A	G
ISL1_chr5:51382751-51383709_ISM_run-82_target-10.88_1	1043	C	T
ISL1_chr5:51382751-51383709_ISM_run-82_target-10.88_1	1078	C	G
ISL1_chr5:51382751-51383709_ISM_run-82_target-10.88_1	1079	C	T
ISL1_chr5:51382751-51383709_ISM_run-82_target-10.88_1	1093	A	G
ISL1_chr5:51382751-51383709_ISM_run-82_target-10.88_1	1094	G	C
ISL1_chr5:51382751-51383709_ISM_run-82_target-10.88_1	1110	G	T
ISL1_chr5:51382751-51383709_ISM_run-82_target-10.88_1	1130	T	A
ISL1_chr5:51382751-51383709_ISM_run-82_target-10.88_1	1134	A	C
ISL1_chr5:51382751-51383709_ISM_run-82_target-10.88_1	1148	A	G
ISL1_chr5:51382751-51383709_ISM_run-82_target-10.88_1	1156	T	C
ISL1_chr5:51382751-51383709_ISM_run-82_target-10.88_1	1188	A	T
ISL1_chr5:51382751-51383709_ISM_run-83_target-10.88_1	962	C	G
ISL1_chr5:51382751-51383709_ISM_run-83_target-10.88_1	1010	A	T
ISL1_chr5:51382751-51383709_ISM_run-83_target-10.88_1	1011	A	C
ISL1_chr5:51382751-51383709_ISM_run-83_target-10.88_1	1045	T	A
ISL1_chr5:51382751-51383709_ISM_run-83_target-10.88_1	1046	G	C
ISL1_chr5:51382751-51383709_ISM_run-83_target-10.88_1	1057	G	C
ISL1_chr5:51382751-51383709_ISM_run-83_target-10.88_1	1070	C	A
ISL1_chr5:51382751-51383709_ISM_run-83_target-10.88_1	1078	C	G
ISL1_chr5:51382751-51383709_ISM_run-83_target-10.88_1	1095	A	G
ISL1_chr5:51382751-51383709_ISM_run-83_target-10.88_1	1107	G	C
ISL1_chr5:51382751-51383709_ISM_run-83_target-10.88_1	1130	T	A
ISL1_chr5:51382751-51383709_ISM_run-83_target-10.88_1	1134	A	C
ISL1_chr5:51382751-51383709_ISM_run-83_target-10.88_1	1149	A	C
ISL1_chr5:51382751-51383709_ISM_run-83_target-10.88_1	1156	T	C
ISL1_chr5:51382751-51383709_ISM_run-83_target-10.88_1	1188	A	T
ISL1_chr5:51382751-51383709_ISM_run-84_target-10.88_1	939	T	C
ISL1_chr5:51382751-51383709_ISM_run-84_target-10.88_1	956	T	C
ISL1_chr5:51382751-51383709_ISM_run-84_target-10.88_1	1010	A	T
ISL1_chr5:51382751-51383709_ISM_run-84_target-10.88_1	1011	A	C
ISL1_chr5:51382751-51383709_ISM_run-84_target-10.88_1	1045	T	C
ISL1_chr5:51382751-51383709_ISM_run-84_target-10.88_1	1046	G	C
ISL1_chr5:51382751-51383709_ISM_run-84_target-10.88_1	1057	G	C
ISL1_chr5:51382751-51383709_ISM_run-84_target-10.88_1	1070	C	A
ISL1_chr5:51382751-51383709_ISM_run-84_target-10.88_1	1078	C	G
ISL1_chr5:51382751-51383709_ISM_run-84_target-10.88_1	1095	A	G
ISL1_chr5:51382751-51383709_ISM_run-84_target-10.88_1	1130	T	A
ISL1_chr5:51382751-51383709_ISM_run-84_target-10.88_1	1134	A	C
ISL1_chr5:51382751-51383709_ISM_run-84_target-10.88_1	1161	G	T
ISL1_chr5:51382751-51383709_ISM_run-84_target-10.88_1	1188	A	T
ISL1_chr5:51382751-51383709_ISM_run-85_target-10.88_1	933	G	A
ISL1_chr5:51382751-51383709_ISM_run-85_target-10.88_1	939	T	C
ISL1_chr5:51382751-51383709_ISM_run-85_target-10.88_1	956	T	C
ISL1_chr5:51382751-51383709_ISM_run-85_target-10.88_1	1010	A	C
ISL1_chr5:51382751-51383709_ISM_run-85_target-10.88_1	1012	A	G
ISL1_chr5:51382751-51383709_ISM_run-85_target-10.88_1	1043	C	T
ISL1_chr5:51382751-51383709_ISM_run-85_target-10.88_1	1078	C	A
ISL1_chr5:51382751-51383709_ISM_run-85_target-10.88_1	1080	C	T
ISL1_chr5:51382751-51383709_ISM_run-85_target-10.88_1	1082	C	A
ISL1_chr5:51382751-51383709_ISM_run-85_target-10.88_1	1093	A	G
ISL1_chr5:51382751-51383709_ISM_run-85_target-10.88_1	1109	A	C
ISL1_chr5:51382751-51383709_ISM_run-85_target-10.88_1	1127	A	C
ISL1_chr5:51382751-51383709_ISM_run-85_target-10.88_1	1157	G	T
ISL1_chr5:51382751-51383709_ISM_run-85_target-10.88_1	1158	C	G
ISL1_chr5:51382751-51383709_ISM_run-85_target-10.88_1	1188	A	T
ISL1_chr5:51382751-51383709_ISM_run-86_target-10.88_1	956	T	C
ISL1_chr5:51382751-51383709_ISM_run-86_target-10.88_1	1010	A	T
ISL1_chr5:51382751-51383709_ISM_run-86_target-10.88_1	1011	A	C
ISL1_chr5:51382751-51383709_ISM_run-86_target-10.88_1	1022	C	G
ISL1_chr5:51382751-51383709_ISM_run-86_target-10.88_1	1047	C	G
ISL1_chr5:51382751-51383709_ISM_run-86_target-10.88_1	1068	G	T
ISL1_chr5:51382751-51383709_ISM_run-86_target-10.88_1	1070	C	A
ISL1_chr5:51382751-51383709_ISM_run-86_target-10.88_1	1078	C	G
ISL1_chr5:51382751-51383709_ISM_run-86_target-10.88_1	1093	A	C
ISL1_chr5:51382751-51383709_ISM_run-86_target-10.88_1	1112	T	G
ISL1_chr5:51382751-51383709_ISM_run-86_target-10.88_1	1115	G	A
ISL1_chr5:51382751-51383709_ISM_run-86_target-10.88_1	1123	A	G
ISL1_chr5:51382751-51383709_ISM_run-86_target-10.88_1	1132	T	C
ISL1_chr5:51382751-51383709_ISM_run-86_target-10.88_1	1145	A	C
ISL1_chr5:51382751-51383709_ISM_run-86_target-10.88_1	1158	C	G
ISL1_chr5:51382751-51383709_ISM_run-87_target-10.88_1	956	T	C
ISL1_chr5:51382751-51383709_ISM_run-87_target-10.88_1	1010	A	T
ISL1_chr5:51382751-51383709_ISM_run-87_target-10.88_1	1011	A	C
ISL1_chr5:51382751-51383709_ISM_run-87_target-10.88_1	1021	T	G
ISL1_chr5:51382751-51383709_ISM_run-87_target-10.88_1	1023	A	C
ISL1_chr5:51382751-51383709_ISM_run-87_target-10.88_1	1030	C	G
ISL1_chr5:51382751-51383709_ISM_run-87_target-10.88_1	1078	C	A
ISL1_chr5:51382751-51383709_ISM_run-87_target-10.88_1	1093	A	G
ISL1_chr5:51382751-51383709_ISM_run-87_target-10.88_1	1134	A	C
ISL1_chr5:51382751-51383709_ISM_run-87_target-10.88_1	1137	A	C
ISL1_chr5:51382751-51383709_ISM_run-87_target-10.88_1	1145	A	C
ISL1_chr5:51382751-51383709_ISM_run-87_target-10.88_1	1152	G	A
ISL1_chr5:51382751-51383709_ISM_run-87_target-10.88_1	1155	G	A
ISL1_chr5:51382751-51383709_ISM_run-87_target-10.88_1	1158	C	G
ISL1_chr5:51382751-51383709_ISM_run-87_target-10.88_1	1188	A	T
ISL1_chr5:51382751-51383709_ISM_run-88_target-10.88_1	940	G	C
ISL1_chr5:51382751-51383709_ISM_run-88_target-10.88_1	956	T	G
ISL1_chr5:51382751-51383709_ISM_run-88_target-10.88_1	1000	G	A
ISL1_chr5:51382751-51383709_ISM_run-88_target-10.88_1	1003	G	C
ISL1_chr5:51382751-51383709_ISM_run-88_target-10.88_1	1015	T	C
ISL1_chr5:51382751-51383709_ISM_run-88_target-10.88_1	1038	C	T
ISL1_chr5:51382751-51383709_ISM_run-88_target-10.88_1	1043	C	G
ISL1_chr5:51382751-51383709_ISM_run-88_target-10.88_1	1055	G	T
ISL1_chr5:51382751-51383709_ISM_run-88_target-10.88_1	1070	C	A
ISL1_chr5:51382751-51383709_ISM_run-88_target-10.88_1	1078	C	G
ISL1_chr5:51382751-51383709_ISM_run-88_target-10.88_1	1081	G	C
ISL1_chr5:51382751-51383709_ISM_run-88_target-10.88_1	1109	A	C
ISL1_chr5:51382751-51383709_ISM_run-88_target-10.88_1	1114	A	C
ISL1_chr5:51382751-51383709_ISM_run-88_target-10.88_1	1127	A	C
ISL1_chr5:51382751-51383709_ISM_run-88_target-10.88_1	1188	A	T
ISL1_chr5:51382751-51383709_ISM_run-89_target-10.88_1	938	T	G
ISL1_chr5:51382751-51383709_ISM_run-89_target-10.88_1	939	T	C
ISL1_chr5:51382751-51383709_ISM_run-89_target-10.88_1	956	T	C
ISL1_chr5:51382751-51383709_ISM_run-89_target-10.88_1	957	C	G
ISL1_chr5:51382751-51383709_ISM_run-89_target-10.88_1	962	C	T
ISL1_chr5:51382751-51383709_ISM_run-89_target-10.88_1	1007	C	G
ISL1_chr5:51382751-51383709_ISM_run-89_target-10.88_1	1011	A	C
ISL1_chr5:51382751-51383709_ISM_run-89_target-10.88_1	1043	C	G
ISL1_chr5:51382751-51383709_ISM_run-89_target-10.88_1	1045	T	C
ISL1_chr5:51382751-51383709_ISM_run-89_target-10.88_1	1070	C	A
ISL1_chr5:51382751-51383709_ISM_run-89_target-10.88_1	1078	C	G
ISL1_chr5:51382751-51383709_ISM_run-89_target-10.88_1	1081	G	C
ISL1_chr5:51382751-51383709_ISM_run-89_target-10.88_1	1109	A	C
ISL1_chr5:51382751-51383709_ISM_run-89_target-10.88_1	1127	A	C
ISL1_chr5:51382751-51383709_ISM_run-89_target-10.88_1	1188	A	T
ISL1_chr5:51382751-51383709_ISM_run-90_target-10.88_1	939	T	C
ISL1_chr5:51382751-51383709_ISM_run-90_target-10.88_1	956	T	C
ISL1_chr5:51382751-51383709_ISM_run-90_target-10.88_1	1000	G	A
ISL1_chr5:51382751-51383709_ISM_run-90_target-10.88_1	1011	A	G
ISL1_chr5:51382751-51383709_ISM_run-90_target-10.88_1	1043	C	T
ISL1_chr5:51382751-51383709_ISM_run-90_target-10.88_1	1063	C	T
ISL1_chr5:51382751-51383709_ISM_run-90_target-10.88_1	1070	C	T
ISL1_chr5:51382751-51383709_ISM_run-90_target-10.88_1	1078	C	A
ISL1_chr5:51382751-51383709_ISM_run-90_target-10.88_1	1080	C	T
ISL1_chr5:51382751-51383709_ISM_run-90_target-10.88_1	1093	A	G
ISL1_chr5:51382751-51383709_ISM_run-90_target-10.88_1	1109	A	C
ISL1_chr5:51382751-51383709_ISM_run-90_target-10.88_1	1114	A	G
ISL1_chr5:51382751-51383709_ISM_run-90_target-10.88_1	1123	A	G
ISL1_chr5:51382751-51383709_ISM_run-90_target-10.88_1	1128	A	G
ISL1_chr5:51382751-51383709_ISM_run-90_target-10.88_1	1145	A	C
ISL1_chr5:51382751-51383709_ISM_run-91_target-10.88_1	946	G	C
ISL1_chr5:51382751-51383709_ISM_run-91_target-10.88_1	959	T	G
ISL1_chr5:51382751-51383709_ISM_run-91_target-10.88_1	1010	A	T
ISL1_chr5:51382751-51383709_ISM_run-91_target-10.88_1	1011	A	C
ISL1_chr5:51382751-51383709_ISM_run-91_target-10.88_1	1043	C	T
ISL1_chr5:51382751-51383709_ISM_run-91_target-10.88_1	1045	T	C
ISL1_chr5:51382751-51383709_ISM_run-91_target-10.88_1	1063	C	T
ISL1_chr5:51382751-51383709_ISM_run-91_target-10.88_1	1078	C	A
ISL1_chr5:51382751-51383709_ISM_run-91_target-10.88_1	1093	A	G
ISL1_chr5:51382751-51383709_ISM_run-91_target-10.88_1	1109	A	C
ISL1_chr5:51382751-51383709_ISM_run-91_target-10.88_1	1130	T	A
ISL1_chr5:51382751-51383709_ISM_run-91_target-10.88_1	1134	A	C
ISL1_chr5:51382751-51383709_ISM_run-91_target-10.88_1	1157	G	T
ISL1_chr5:51382751-51383709_ISM_run-91_target-10.88_1	1163	G	C
ISL1_chr5:51382751-51383709_ISM_run-91_target-10.88_1	1188	A	T
ISL1_chr5:51382751-51383709_ISM_run-92_target-10.88_1	946	G	C
ISL1_chr5:51382751-51383709_ISM_run-92_target-10.88_1	1010	A	T
ISL1_chr5:51382751-51383709_ISM_run-92_target-10.88_1	1011	A	C
ISL1_chr5:51382751-51383709_ISM_run-92_target-10.88_1	1020	A	C
ISL1_chr5:51382751-51383709_ISM_run-92_target-10.88_1	1021	T	C
ISL1_chr5:51382751-51383709_ISM_run-92_target-10.88_1	1043	C	T
ISL1_chr5:51382751-51383709_ISM_run-92_target-10.88_1	1078	C	G
ISL1_chr5:51382751-51383709_ISM_run-92_target-10.88_1	1079	C	T
ISL1_chr5:51382751-51383709_ISM_run-92_target-10.88_1	1093	A	G
ISL1_chr5:51382751-51383709_ISM_run-92_target-10.88_1	1130	T	A
ISL1_chr5:51382751-51383709_ISM_run-92_target-10.88_1	1134	A	C
ISL1_chr5:51382751-51383709_ISM_run-92_target-10.88_1	1156	T	G
ISL1_chr5:51382751-51383709_ISM_run-92_target-10.88_1	1161	G	T
ISL1_chr5:51382751-51383709_ISM_run-92_target-10.88_1	1188	A	T
ISL1_chr5:51382751-51383709_ISM_run-93_target-10.88_1	939	T	C
ISL1_chr5:51382751-51383709_ISM_run-93_target-10.88_1	956	T	C
ISL1_chr5:51382751-51383709_ISM_run-93_target-10.88_1	1000	G	T
ISL1_chr5:51382751-51383709_ISM_run-93_target-10.88_1	1003	G	T
ISL1_chr5:51382751-51383709_ISM_run-93_target-10.88_1	1011	A	G
ISL1_chr5:51382751-51383709_ISM_run-93_target-10.88_1	1043	C	T
ISL1_chr5:51382751-51383709_ISM_run-93_target-10.88_1	1070	C	A
ISL1_chr5:51382751-51383709_ISM_run-93_target-10.88_1	1078	C	G
ISL1_chr5:51382751-51383709_ISM_run-93_target-10.88_1	1095	A	G
ISL1_chr5:51382751-51383709_ISM_run-93_target-10.88_1	1107	G	C
ISL1_chr5:51382751-51383709_ISM_run-93_target-10.88_1	1123	A	G
ISL1_chr5:51382751-51383709_ISM_run-93_target-10.88_1	1130	T	G
ISL1_chr5:51382751-51383709_ISM_run-93_target-10.88_1	1134	A	C
ISL1_chr5:51382751-51383709_ISM_run-93_target-10.88_1	1156	T	C
ISL1_chr5:51382751-51383709_ISM_run-93_target-10.88_1	1188	A	T
ISL1_chr5:51382751-51383709_ISM_run-94_target-10.88_1	940	G	C
ISL1_chr5:51382751-51383709_ISM_run-94_target-10.88_1	956	T	C
ISL1_chr5:51382751-51383709_ISM_run-94_target-10.88_1	1010	A	T
ISL1_chr5:51382751-51383709_ISM_run-94_target-10.88_1	1011	A	C
ISL1_chr5:51382751-51383709_ISM_run-94_target-10.88_1	1022	C	G
ISL1_chr5:51382751-51383709_ISM_run-94_target-10.88_1	1045	T	C
ISL1_chr5:51382751-51383709_ISM_run-94_target-10.88_1	1047	C	G
ISL1_chr5:51382751-51383709_ISM_run-94_target-10.88_1	1078	C	A
ISL1_chr5:51382751-51383709_ISM_run-94_target-10.88_1	1093	A	G
ISL1_chr5:51382751-51383709_ISM_run-94_target-10.88_1	1109	A	C
ISL1_chr5:51382751-51383709_ISM_run-94_target-10.88_1	1134	A	C
ISL1_chr5:51382751-51383709_ISM_run-94_target-10.88_1	1137	A	C
ISL1_chr5:51382751-51383709_ISM_run-94_target-10.88_1	1149	A	C
ISL1_chr5:51382751-51383709_ISM_run-94_target-10.88_1	1162	A	C
ISL1_chr5:51382751-51383709_ISM_run-94_target-10.88_1	1188	A	T
ISL1_chr5:51382751-51383709_ISM_run-95_target-10.88_1	959	T	G
ISL1_chr5:51382751-51383709_ISM_run-95_target-10.88_1	962	C	T
ISL1_chr5:51382751-51383709_ISM_run-95_target-10.88_1	966	C	G
ISL1_chr5:51382751-51383709_ISM_run-95_target-10.88_1	971	T	G
ISL1_chr5:51382751-51383709_ISM_run-95_target-10.88_1	1011	A	G
ISL1_chr5:51382751-51383709_ISM_run-95_target-10.88_1	1047	C	G
ISL1_chr5:51382751-51383709_ISM_run-95_target-10.88_1	1066	T	C
ISL1_chr5:51382751-51383709_ISM_run-95_target-10.88_1	1078	C	A
ISL1_chr5:51382751-51383709_ISM_run-95_target-10.88_1	1080	C	T
ISL1_chr5:51382751-51383709_ISM_run-95_target-10.88_1	1127	A	T
ISL1_chr5:51382751-51383709_ISM_run-95_target-10.88_1	1132	T	C
ISL1_chr5:51382751-51383709_ISM_run-95_target-10.88_1	1137	A	T
ISL1_chr5:51382751-51383709_ISM_run-95_target-10.88_1	1140	A	C
ISL1_chr5:51382751-51383709_ISM_run-95_target-10.88_1	1154	G	C
ISL1_chr5:51382751-51383709_ISM_run-95_target-10.88_1	1158	C	G
ISL1_chr5:51382751-51383709_ISM_run-96_target-10.88_1	939	T	C
ISL1_chr5:51382751-51383709_ISM_run-96_target-10.88_1	971	T	G
ISL1_chr5:51382751-51383709_ISM_run-96_target-10.88_1	1000	G	A
ISL1_chr5:51382751-51383709_ISM_run-96_target-10.88_1	1008	T	G
ISL1_chr5:51382751-51383709_ISM_run-96_target-10.88_1	1043	C	G
ISL1_chr5:51382751-51383709_ISM_run-96_target-10.88_1	1070	C	A
ISL1_chr5:51382751-51383709_ISM_run-96_target-10.88_1	1078	C	G
ISL1_chr5:51382751-51383709_ISM_run-96_target-10.88_1	1083	G	C
ISL1_chr5:51382751-51383709_ISM_run-96_target-10.88_1	1093	A	C
ISL1_chr5:51382751-51383709_ISM_run-96_target-10.88_1	1109	A	C
ISL1_chr5:51382751-51383709_ISM_run-96_target-10.88_1	1116	T	C
ISL1_chr5:51382751-51383709_ISM_run-96_target-10.88_1	1127	A	T
ISL1_chr5:51382751-51383709_ISM_run-96_target-10.88_1	1137	A	C
ISL1_chr5:51382751-51383709_ISM_run-96_target-10.88_1	1138	A	G
ISL1_chr5:51382751-51383709_ISM_run-96_target-10.88_1	1182	C	G
ISL1_chr5:51382751-51383709_ISM_run-97_target-10.88_1	955	A	C
ISL1_chr5:51382751-51383709_ISM_run-97_target-10.88_1	959	T	G
ISL1_chr5:51382751-51383709_ISM_run-97_target-10.88_1	1010	A	T
ISL1_chr5:51382751-51383709_ISM_run-97_target-10.88_1	1011	A	C
ISL1_chr5:51382751-51383709_ISM_run-97_target-10.88_1	1047	C	G
ISL1_chr5:51382751-51383709_ISM_run-97_target-10.88_1	1078	C	G
ISL1_chr5:51382751-51383709_ISM_run-97_target-10.88_1	1079	C	T
ISL1_chr5:51382751-51383709_ISM_run-97_target-10.88_1	1107	G	C
ISL1_chr5:51382751-51383709_ISM_run-97_target-10.88_1	1130	T	A
ISL1_chr5:51382751-51383709_ISM_run-97_target-10.88_1	1134	A	C
ISL1_chr5:51382751-51383709_ISM_run-97_target-10.88_1	1156	T	G
ISL1_chr5:51382751-51383709_ISM_run-97_target-10.88_1	1161	G	T
ISL1_chr5:51382751-51383709_ISM_run-97_target-10.88_1	1184	C	G
ISL1_chr5:51382751-51383709_ISM_run-97_target-10.88_1	1188	A	T
ISL1_chr5:51382751-51383709_ISM_run-98_target-10.88_1	959	T	G
ISL1_chr5:51382751-51383709_ISM_run-98_target-10.88_1	1010	A	T
ISL1_chr5:51382751-51383709_ISM_run-98_target-10.88_1	1011	A	C
ISL1_chr5:51382751-51383709_ISM_run-98_target-10.88_1	1047	C	G
ISL1_chr5:51382751-51383709_ISM_run-98_target-10.88_1	1078	C	G
ISL1_chr5:51382751-51383709_ISM_run-98_target-10.88_1	1079	C	T
ISL1_chr5:51382751-51383709_ISM_run-98_target-10.88_1	1085	G	C
ISL1_chr5:51382751-51383709_ISM_run-98_target-10.88_1	1093	A	C
ISL1_chr5:51382751-51383709_ISM_run-98_target-10.88_1	1109	A	C
ISL1_chr5:51382751-51383709_ISM_run-98_target-10.88_1	1127	A	C
ISL1_chr5:51382751-51383709_ISM_run-98_target-10.88_1	1137	A	C
ISL1_chr5:51382751-51383709_ISM_run-98_target-10.88_1	1138	A	C
ISL1_chr5:51382751-51383709_ISM_run-98_target-10.88_1	1157	G	T
ISL1_chr5:51382751-51383709_ISM_run-98_target-10.88_1	1158	C	G
ISL1_chr5:51382751-51383709_ISM_run-98_target-10.88_1	1167	C	A
ISL1_chr5:51382751-51383709_ISM_run-99_target-10.88_1	925	A	G
ISL1_chr5:51382751-51383709_ISM_run-99_target-10.88_1	946	G	C
ISL1_chr5:51382751-51383709_ISM_run-99_target-10.88_1	959	T	G
ISL1_chr5:51382751-51383709_ISM_run-99_target-10.88_1	1010	A	T
ISL1_chr5:51382751-51383709_ISM_run-99_target-10.88_1	1011	A	C
ISL1_chr5:51382751-51383709_ISM_run-99_target-10.88_1	1046	G	C
ISL1_chr5:51382751-51383709_ISM_run-99_target-10.88_1	1078	C	G
ISL1_chr5:51382751-51383709_ISM_run-99_target-10.88_1	1080	C	A
ISL1_chr5:51382751-51383709_ISM_run-99_target-10.88_1	1093	A	G
ISL1_chr5:51382751-51383709_ISM_run-99_target-10.88_1	1095	A	G
ISL1_chr5:51382751-51383709_ISM_run-99_target-10.88_1	1117	T	G
ISL1_chr5:51382751-51383709_ISM_run-99_target-10.88_1	1130	T	A
ISL1_chr5:51382751-51383709_ISM_run-99_target-10.88_1	1134	A	C
ISL1_chr5:51382751-51383709_ISM_run-99_target-10.88_1	1160	C	T
ISL1_chr5:51382751-51383709_ISM_run-100_target-10.88_1	934	C	G
ISL1_chr5:51382751-51383709_ISM_run-100_target-10.88_1	939	T	C
ISL1_chr5:51382751-51383709_ISM_run-100_target-10.88_1	956	T	C
ISL1_chr5:51382751-51383709_ISM_run-100_target-10.88_1	1007	C	A
ISL1_chr5:51382751-51383709_ISM_run-100_target-10.88_1	1015	T	C
ISL1_chr5:51382751-51383709_ISM_run-100_target-10.88_1	1017	A	C
ISL1_chr5:51382751-51383709_ISM_run-100_target-10.88_1	1018	T	C
ISL1_chr5:51382751-51383709_ISM_run-100_target-10.88_1	1078	C	G
ISL1_chr5:51382751-51383709_ISM_run-100_target-10.88_1	1080	C	A
ISL1_chr5:51382751-51383709_ISM_run-100_target-10.88_1	1093	A	G
ISL1_chr5:51382751-51383709_ISM_run-100_target-10.88_1	1123	A	G
ISL1_chr5:51382751-51383709_ISM_run-100_target-10.88_1	1130	T	G
ISL1_chr5:51382751-51383709_ISM_run-100_target-10.88_1	1138	A	C
ISL1_chr5:51382751-51383709_ISM_run-100_target-10.88_1	1145	A	C
ISL1_chr5:51382751-51383709_ISM_run-100_target-10.88_1	1188	A	T
